:020000021000EC
:1090000000600020F99201004D9301004F93010090
:10901000519301005393010055930100000000009B
:109020000000000000000000000000005793010055
:1090300059930100000000005B9301005D93010063
:10904000D5AF01005F93010015C0010065B50100B7
:109050005F93010000000000C9BE010041B10100A2
:109060005F9301005F9301005F9301005F93010034
:109070005F9301005F9301005F9301005F93010024
:1090800025B0010091A201005F9301005F930100F0
:109090005F9301005F9301005DFC01005F9301009D
:1090A0005F9301005F9301000000000000000000DA
:1090B0005F9301005F9301000000000000000000CA
:1090C00000000000000000000000000000000000A0
:1090D0000000000000000000000000000000000090
:1090E0000000000000000000000000000000000080
:1090F0000000000000000000000000000000000070
:10910000000000000000000000000000000000005F
:10911000000000000000000000000000000000004F
:10912000000000000000000000000000000000003F
:10913000000000000000000000000000000000002F
:10914000000000000000000000000000000000001F
:10915000000000000000000000000000000000000F
:1091600000000000000000000000000000000000FF
:1091700000000000000000000000000000000000EF
:1091800000000000000000000000000000000000DF
:1091900000000000000000000000000000000000CF
:1091A00000000000000000000000000000000000BF
:1091B00000000000000000000000000000000000AF
:1091C000000000000000000000000000000000009F
:1091D000000000000000000000000000000000008F
:1091E000000000000000000000000000000000007F
:1091F000000000000000000000000000000000006F
:109200000348044B834202D0034B03B11847704715
:109210006023002060230020000000000548064B6A
:109220001B1AD90F01EBA301491002D0034B03B164
:1092300018477047602300206023002000000000D2
:1092400010B5064C237843B9FFF7DAFF044B13B18E
:109250000448AFF300800123237010BD6023002079
:10926000000000001819020008B5044B1BB10449A6
:109270000448AFF30080BDE80840CFE700000000DD
:109280006423002018190200A3F5803A704700BF3C
:10929000154B002B08BF114B9D46FFF7F5FF002132
:1092A0008B460F461148124A121A06F055FF0C4B16
:1092B000002B00D098470B4B002B00D09847002084
:1092C000002104000D000B4807F044F806F09AFE58
:1092D0002000290003F0C0FA07F02AF80000080077
:1092E000000000000000000000600020602300205B
:1092F000AC320020BD0302000E4800680E49096828
:109300000A280AD1002908D10C4802686FF07003BE
:109310001A404FF040031A4302600949094A0A4BB8
:109320009B1A03DD043BC858D050FBDC01F01CFC49
:10933000FFF7AEFF3001001034010010E40E0040D2
:10934000A01A0200C822002060230020FEE7FEE7EA
:10935000FEE7FEE7FEE7FEE7FEE7FEE7FEE7FEE7E5
:109360007047000007B5044B0093044A402300F007
:1093700030F803B05DF804FB819301007C230020EA
:109380002DE9F84388461446B2B10F4B0F4E032522
:10939000002743F00109224608EB0701002004F0F2
:1093A000F7FF0744241A48B933782BB14FF47A40B9
:1093B000C847013D02D13570BDE8F8830123337001
:1093C000002CE8D1F8E700BF00090200BC23002010
:1093D0007047F0B595B01D46164608460C4601F09C
:1093E00000FB1A9B0D93CDE9086500252B4608224A
:1093F00005A920460A958DF82C500C9501F00DFB1F
:10940000079B0293069B03939DF814308DF811502F
:1094100003F00302012A1DD1BDF81420059DC3F3FA
:10942000C203C2F383168DF81030B20008230EA9D0
:10943000204601F0F2FAC5F3952508AB00933246B9
:1094400002AB0EA9284600F0C1FA204601F0CDFA81
:1094500015B0F0BD022AF8D1BDF81650C3F3C2030F
:10946000C5F389158DF810300827082D2E4628BF22
:1094700008263B4632460EA9204601F0CEFAAD1B27
:1094800008AB02AA31460EA8374400F003FB002DBA
:10949000EBD1DAE7037813F0040215D003F00303ED
:1094A000012B03D0022B09D0012070470B680288E2
:1094B0000233C2F3831213440B60F5E70B68428852
:1094C000023303EB9213F7E7104670472DE9F04F94
:1094D000434C87B0884600230546871C0DF10700E2
:1094E00016468DF8073000F057FD6268C8F8002076
:1094F000A36803F580739B1A04F21C4804F5836A81
:1095000004F21449BB4218D30021002E64D005F0A8
:109510000F05AD0145F0050565F30F0163689DF882
:109520000700DAB203323B4444F82210636000F0D3
:1095300057FD012007B0BDE8F08F0121404600F043
:1095400084FF504600F099FF484600F096FFA0685F
:109550000290C0B2033004EB800002A9FFF79AFF2B
:1095600020BB029BDAB204EB8202D16803919A1C01
:109570000133DBB204EB83030292D3F80CB001F0A9
:109580000303012B20D0022B13D08346484600F062
:1095900077FF08B1029BA3605946404600F055FF93
:1095A000A368626803F580739B1AABE79DF8080017
:1095B000D0E7BDF80E30C3F3891303334FEA1B4BDA
:1095C00002EB93030293E1E7BDF80C30C3F383137E
:1095D0004FEA1B4B1344F5E7AD0545F006019DE747
:1095E000C023002030B50A4C71B10A4A0A49121B47
:1095F000D20800239A4201D1002030BD31F8235017
:10960000854202D00133F5E7034654F83300F4E70E
:10961000F0190200881A020060230020094B01396A
:1096200003EBC000032909D8DFE801F0020A0406B1
:1096300002207047007970474079704700207047DA
:1096400004207047F019020070470000034BD3E973
:109650000130C31A58425841704700BFC023002050
:109660002DE9F04387B0FFF7F1FF002874D1744C67
:10967000C4F81804BFF34F8FA0680290C0B2033043
:1096800004EB800002A9FFF705FF029B18B1D4F894
:109690001824002A5CD0DAB29F1C013304EB82024A
:1096A000DBB204EB8303D268DB68049302F00303AC
:1096B000022B0392029758D1BDF80E306148C3F3D4
:1096C00089184646502E28BF502666F38F1306F1A0
:1096D0000801ADF80E3001F058F90546002800F0F9
:1096E000998001F07EF9002303A90822284601F0A1
:1096F0008AF9FB43DBB20133F9B20331B6EB830FD6
:109700004FEA830904EB81012CD908234A46A6EBD2
:109710000906284601F077F9F6B24B4909F108032A
:10972000324608F10308284607EB980701F06BF969
:109730000297D4F81834D4F81064002B55D028467A
:1097400001F053F9FFF782FF80F00100C0B204E09E
:1097500062689A4204D8A260002007B0BDE8F08396
:10976000D8B28CE708233246DBE7012B52D1BDF893
:109770000C303448C3F38311062928BF062161F356
:109780008913023101F00F018900ADF80C3001F0AE
:10979000FCF8054600283DD001F023F900230822FB
:1097A00003A9284601F02FF90026BDF80C20C2F3CA
:1097B0008312B300B24203F10803BAD902994A1CDA
:1097C000C9B20331029204EB81010422284601F060
:1097D0001AF90136E9E7F3685B7923B13368294662
:1097E0001B6830469847F3681E68002EF3D1284660
:1097F00001F0FBF80DF107008DF8076000F0CCFBDD
:10980000D4F818340BB9029BA3609DF8070000F050
:10981000E7FB97E7D4F8104454B90C4B0C480D49BA
:10982000C01AC008000440F0020000F05DF889E7AB
:10983000236820469B689847E3681C68ECE700BFF4
:10984000C0230020DC190200CC230020F019020004
:10985000301A0200240902002DE9F34704460E469F
:10986000924601A9012218469946FFF72FFE1C4F88
:1098700010B3019D4FF00008AA1CC84508EB020177
:1098800025D11848002100F0B1FD80F3100000043C
:1098900040EA1440E4006B1C04F03804DBB2EDB283
:1098A00044F0010407EB8303033544EA881444EAD7
:1098B0008624D86047F825403B781BB1FFF7D0FEDF
:1098C0000028FBD1FFF7C0FE02B0BDE8F087C9B2A7
:1098D00007EB81015AF82830CB6008F10108CCE78A
:1098E000C0230020DC27002000231A46FFF7B4BF66
:1098F00007B50123019201AAFFF7AEFF03B05DF89F
:1099000004FB07B5CDE9002302236A46FFF7A4FF55
:1099100003B05DF804FB000010B5037A052B0C467C
:109920000FD0437A23B1084A0849204600F0F6FDDB
:109930000749204600F0F2FD2046BDE8104000F047
:10994000E2BD002AF8D0F3E7390902001B1002003B
:109950005B09020073B5C38804460D4633B1144A4F
:1099600000921449144A284600F0D8FD217A0529AE
:109970001CD0637A4BB1A088FFF750FE0F4B104903
:1099800053F82020284600F0C9FD227A0D4BA0880C
:1099900053F822600021FFF725FE0B4903463246AB
:1099A000284602B0BDE8704000F0B8BD02B070BDFE
:1099B00039090200460902003E0902007C15020036
:1099C0001B100200A01502005E0902002DE9F04301
:1099D00085B01F460C9D002395F80C902B7306460E
:1099E0000C46904629463846FFF7B4FFB8F1060FFB
:1099F00009D8DFE808F00412181F28334000314668
:109A0000284600F08BFD002229463846FFF784FFE8
:109A100085F80C9005B0BDE8F083226831462846F1
:109A200000F07CFDEFE7D4E900233146284600F042
:109A300075FDE8E7A3680093D4E900233146284682
:109A400000F06CFDDFE7E3680193A3680093D4E9BD
:109A500000233146284600F061FDD4E723690293D4
:109A6000E3680193A3680093D4E9002331462846B4
:109A700000F054FDC7E76369039323690293E36829
:109A80000193A3680093D4E900233146284600F0EF
:109A900045FDB8E708292DE9F84F80460E461746E0
:109AA0001C463BD8002593F80C901D7319461046B0
:109AB000FFF750FFDFF880A0DFF880B0AE422FD96B
:109AC00018F805205946204600F028FD0135082DDC
:109AD000F4D11B491B4DDFF870B0204600F01EFD8D
:109AE0004FF0000A564522D918F80A207E2A1CD8C1
:109AF0001BF8021011F0970F08BF2E2213492046C1
:109B000000F00CFD0AF1010ABAF1080FEAD10122B6
:109B100021463846FFF700FF84F80C90BDE8F88F27
:109B20005146204600F0FAFCD0E72E22E6E729460F
:109B3000204600F0F3FCE5E76E0902006809020028
:109B4000720902007009020015180200740902006F
:109B50001FB50021039001AA44F20100CDE90111D3
:109B600002F056FE05B05DF804FB10B5D0E90242E4
:109B7000D1E90203A04293412CBF0120002010BD77
:109B800008B50A4800F06DFB094AD2E90031C01857
:109B9000084BD3E9002341F10001904271EB03032C
:109BA00003D210F1807041F1000108BDD0220020E5
:109BB000282900202029002073B5294B1E7804464F
:109BC0001EB90026304602B070BD0028F9D0FFF75C
:109BD000D7FFD4E902239042994139D300230DF1F4
:109BE00007008DF8073000F0D7F923692BB94FF043
:109BF000FF324FF0FF33C4E902239DF8070000F065
:109C0000EFF9D4E90530984700250DF107008DF8EC
:109C1000075000F0C1F92369C3B1D4E90212B2F1CF
:109C2000FF3F08BFB1F1FF3F05D05B1842F10002D2
:109C3000C4E9023235469DF8070000F0D1F9002D45
:109C4000BFD00848214600F007FFBBE71D46F2E7FA
:109C5000B3F1FF3F08BFB2F1FF3FB2D0F1E700BF61
:109C600030290020B415020037B505460C460A48D5
:109C700001A900F02AFB68B10570446001A90648FB
:109C800000F04DFB10B9002003B030BD034800F0D8
:109C9000EDFAF8E70420F7E7B4280020D0220020EE
:109CA00013B5114B11491868019008231048582228
:109CB00000F0F8FA044698B90E4A0F4801A900F0DE
:109CC000B1F9044660B90C48012100F0ABFA012358
:109CD0000A4A0948194600F007FA094B01221A708E
:109CE000204602B010BD00BFC0150200C4280020ED
:109CF000B4280020E19D0100D0220020FFFF7F005A
:109D00003029002030B56AB103684FF0FF344FF0BE
:109D1000FF355A614A1E5142C3E90245514119615A
:109D2000002030BD0720FCE7F7B5044600250DF103
:109D3000070017460E468DF8075000F02DF9D4E9BC
:109D40000223B3F1FF3F08BFB2F1FF3F07D1FFF796
:109D500017FF301841F10001C4E9020101259DF807
:109D6000070000F03DF955B12369A76103B12661F1
:109D70002146002003B0BDE8F040FFF775BF28463C
:109D800003B0F0BD37B5054600240DF107008DF88E
:109D9000074000F001F9D5E90223B3F1FF3F08BF06
:109DA000B2F1FF3F06D04FF0FF324FF0FF33C5E96D
:109DB000022301249DF8070000F012F934B129466E
:109DC000012003B0BDE83040FFF74EBF204603B08E
:109DD00030BD0000014800F044BA00BFD02200208E
:109DE0002DE9F743064600F026FA40B1624AD2E96F
:109DF000003113F1807341F10001C2E9003100210B
:109E0000304600F028FA38B15C4C236823B1206852
:109E1000FFF7D2FE002323600121304600F01BFA39
:109E200020B1FFF7ADFE564BC3E900015548534F33
:109E300001A900F084FA4FF0FF344FF0FF35A0B9CC
:109E4000DFF844814D4D404600F01CFE002800F034
:109E50008980D0E90223B3F1FF3F08BFB2F1FF3F91
:109E600036D1404600F008FEEDE70378012B21D003
:109E7000022B09D1DFF81081404600F0FDFD20BB28
:109E8000424B01221A700CE05BB94168D1E9022310
:109E9000B3F1FF3F08BFB2F1FF3F02D03A4800F0F4
:109EA000DBFD01A9374800F075FA01A9354800F03B
:109EB00046FAC4E741683B68994202D100233B60FF
:109EC000EFE7314800F0E1FDEBE7C0E90245D3E7F9
:109ED000296891B12968D1E9020182428B412FD2D0
:109EE0002B68D3E90223B3F1FF3F08BFB2F1FF3F74
:109EF00003D02968404600F0AFFD404600F0BCFDAD
:109F0000D0E902490746FFF73BFE201A69EB010939
:109F1000012879F1000918DBB0F5350F13D3FFF7ED
:109F200059FF1B4A02441B484FF49603002100F0DE
:109F3000FFF890B92B6813B9304600F0CDF82F60C8
:109F400003B0BDE8F0832246EDE71248002100F09F
:109F500077F93846FFF730FE01E00D28F9D00023ED
:109F60002B6070E7054B1B68002BE9D1304603B02E
:109F7000BDE8F04300F0B4B82829002034290020BF
:109F800020290020B4280020B41502003029002028
:109F9000FFFFB400D022002070B5EFF3108672B638
:109FA0000C4A9468012384B993600B4B0B4DD3F892
:109FB000801029401160C3F88050D3F8841051609C
:109FC0004FF0FF32C3F884202346037006B962B60F
:109FD00070BD00BF3829002000E100E0FC06FFBD95
:109FE00010B5084B9A685AB150B9EFF3108172B6A8
:109FF000054A1C6814605C685460986001B962B6D8
:10A0000010BD00BF3829002000E100E003464058A1
:10A0100082B028B100225A505B580193019B012065
:10A0200002B0704770B5244B4579244E43F8252083
:10A030000446234B234806EBC505C01AC308180481
:10A040002B7933B140F002001F49FFF74DFC082087
:10A0500070BD23680A88C3F8082594F904308A780B
:10A06000002B4FEA4212ADBF03F1604303F00F0330
:10A07000164903F56143B9BFD2B2CA54D2B283F8CC
:10A08000002394F90430002B08DB0122590903F066
:10A090001F0302FA03F30E4A42F82130637906EBFC
:10A0A000C3020121117140F003000A4946F8334010
:10A0B000FFF71AFC0020CBE74C29002044290020A0
:10A0C000F0190200401A0200DD09020014ED00E060
:10A0D00000E100E0FF090200036801221A607047F6
:10A0E000036801225A607047F7B504684FF4803561
:10A0F0008D40C4F808530468C4F8485301F1500473
:10A10000A4000668A4B20027375134590194019C79
:10A11000046801F5A87122F07F4244F8212002680A
:10A12000C2F8445313B10368C3F8045303B0F0BD3D
:10A130002DE9F34799464FF48038036808FA01F88F
:10A14000C3F848830368C3F8088322F07F45026898
:10A150000E46D2F8041502EB860206F15007D2F83B
:10A160004035C2F84015BF000268BFB24FF0000A88
:10A1700042F807A05B1AD259009223F07F43012BCB
:10A18000009A04460BD1264B4FF4806043F0010344
:10A190009847236843F807A0DB590193019B236884
:10A1A000D3F80475C3F84483EB1B23F07F43012BE2
:10A1B00006F5A876236819D1013543F82650184BC7
:10A1C0004FF4806043F0010398472368D3F80435C7
:10A1D0009F4209D12368C3F8448323680020C3F851
:10A1E000048302B0BDE8F0870D20FAE743F826505B
:10A1F0002068D0F804156A1A013AC9F1FF1322F059
:10A200007F4203F57F439342EED3002AE2D101352A
:10A2100040F826502368D3F804359942D9E700BFA7
:10A22000D015020002680223C2F8443311B102685B
:10A23000C2F80433704700684FF48271FFF7E6BE3E
:10A240004FF4803303FA01F10368C3F8481303683D
:10A25000C3F80813704750318900006889B2FFF7CE
:10A26000D5BE0368D3F804057047000090F90430A8
:10A27000002B09DB5A09012103F01F03994002F169
:10A280004003024A42F82310704700BF00E100E09B
:10A29000024B034A1B681068184700BF4C29002076
:10A2A0004429002010B561B1B2FBF3F403FB142480
:10A2B000A4B244B9C0E9001484608281C3812046FD
:10A2C00010BD0E20FCE70920FAE737B550E8013F42
:10A2D0009DB2C48925448489A54228BF2D1B0489C9
:10A2E000A54202BFBFF32F8F002207E0C5EA030596
:10A2F00040E80154002CE9D14FF001028DF8032011
:10A300000193019A0A609DF8031001F0FF0321B147
:10A31000006810FA82F003B030BD1846FBE70A88E7
:10A320004B889A4209D150E8012FC2EA024240E824
:10A330000123002BF7D1012070470020704737B56B
:10A3400050E8023F1FFAA3F5C488A54202BFBFF33D
:10A350002F8F00220DE0C48925448489A54228BF9F
:10A360002D1BC3EA054540E80254002CE8D14FF00C
:10A3700001028DF803200193019A0A609DF80310F1
:10A3800001F0FF0321B1006800EB124003B030BDC3
:10A390001846FBE70A884B889A4209D150E8022FF9
:10A3A000C2EA224240E80223002BF7D10120704785
:10A3B0000020704701F01F024B090121914000EB82
:10A3C000830000F01EB801F01F0301229A404B09E0
:10A3D00000EB8300D14300F02CB84B0901F01F01C2
:10A3E00050F82300C84000F00100704710B5034644
:10A3F00053E8000F0A4643E8002494F0000FF7D119
:10A4000010BD10B5034653E8002F42EA010043E8AF
:10A41000000494F0000FF6D110BD10B5034653E8C8
:10A42000000F00EA010243E8002494F0000FF6D187
:10A4300010BD10B5034653E8002F02EA010043E8BF
:10A44000000494F0000FF6D110BD10B5034653E898
:10A45000002F02EB010043E8000494F0000FF6D156
:10A4600010BD10B5034653E8002FA2EB010043E8EE
:10A47000000494F0000FF6D110BD0121FFF7C1BF19
:10A480000021FFF7CABF37B5044600250DF10700CC
:10A490008DF80750FFF780FD2268616813688B42D2
:10A4A00010D9591E116013F8013C228AE56802FB9D
:10A4B00003552268A36811685B1A1179DBB29942CF
:10A4C00038BF13719DF80700FFF78AFD284603B0D7
:10A4D00030BD37B5054600230DF107000C468DF859
:10A4E0000730FFF759FD2A681368591C1160EA68A4
:10A4F000A41A2A8AB4FBF2F41C709DF80700FFF737
:10A500006FFD03B030BD10B5826804462AB14369BF
:10A510000168006998470023A36010BD0EB403B51D
:10A52000039921B104AB01AA019300F077F802B0BE
:10A530005DF804EB03B070470A2938B504460D46B0
:10A5400002D10D21FFF7F8FFA3682268591CA16012
:10A55000D554D4E901329A4204D32046BDE83840AC
:10A56000FFF7D1BF38BD00002DE9F84F9946DDE96E
:10A570000A431546824688460A460127AA420FD258
:10A580004F4538BF4F4613F0010B01D164B9002489
:10A590000126B9F1010F1CD909F1FF396E43F8E723
:10A5A0000137B2FBF5F2E9E79B0710D5B9F1000FCF
:10A5B0000CBF30262026BC42EAD9013C3146504629
:10A5C000FFF7BAFF002CE2D0BC42F6D1E0E720262C
:10A5D000F1E7B8FBF6F39D42E0D9DFF83C90B8FB19
:10A5E000F6F3504619F8031006FB1388FFF7A4FF93
:10A5F0003346AB42B6FBF5F6F1D2BBF1000F00D00B
:10A6000034B9BDE8F88F20215046013CFFF794FF94
:10A61000BC42F8D8F5E700BFD61502002DE9F74F88
:10A62000064690460F46002900F0528117F8011B9C
:10A6300049B9337B002B00F04B81304603B0BDE8B5
:10A64000F04FFFF760BF252940F0BC8000253A4657
:10A6500012F8013B2D2B25D0302B27D02B2B28D0C7
:10A6600000242A2B07F1010226D1D8F80030191D49
:10A67000C8F800101B6817461C443B782E2B27D1C6
:10A6800001374FF0000A0A20394611F8012BA2F1D8
:10A69000300CBCF1090F1DD800FB0A22A2F1300AD0
:10A6A0000F46F1E745F001051746D0E745F00205F2
:10A6B000FAE745F00405F7E712F8013CA3F1300191
:10A6C0000929DAD80A2101FB0434303C1746C8E7CF
:10A6D0004FF0000A3A4612F8011B01F0FB0068280F
:10A6E0001746F8D0782909D86F290BD8632963D089
:10A6F00020D8252966D0582900F094803B78002B7B
:10A7000094D196E770390829F8D801A252F821F0BF
:10A71000A7A80100FDA60100FDA6010039A80100BF
:10A72000FDA601000FA80100FDA60100FDA6010085
:10A7300025A80100642901D06929DFD1D8F80020BB
:10A74000111DC8F80010D2F800B08BEAEB72A2EB32
:10A75000EB724FF001090A21092A37DCD14538BFD5
:10A76000D1462CB1BBF1000F01DB6A0700D5013CDB
:10A77000AB0702D5BAF1000F03D0E80701D454BBF0
:10A780000024BBF1000F32DACBF1000B2D21304653
:10A79000FFF7D2FE05F00302022A04D1BAF1000F3E
:10A7A00001D144BB0024CDE9004553460A22594655
:10A7B0003046FFF7D9FEA1E7D8F800301A1DC8F8D7
:10A7C000002019783046FFF7B7FE97E709F1010935
:10A7D000B2FBF1F2C0E7A145D3D2013C20213046C3
:10A7E000FFF7AAFE002CCBD0A145F6D1C9E7690737
:10A7F000D0D52B21CBE7A145D5D2013C3021304625
:10A80000FFF79AFE002CCDD0A145F6D1CBE7D8F8C2
:10A8100000100A1DC8F80020CDE9004553460A2261
:10A820000968C5E7D8F800100A1DC8F8002053468B
:10A83000CDE900451022F3E7D8F800301A1DC8F81A
:10A84000002015F00105D3F8009024D1B9F1000FD4
:10A8500003D0484605F014FC0546AC421DD809F16A
:10A86000FF3919F8011F00293FF448AF3046FFF7C0
:10A8700063FEF6E730460135FFF75EFE19F8051076
:10A880000029F7D1A542BFF439AF20213046013C61
:10A89000FFF752FEF6E70025F0E720213046013CA5
:10A8A000FFF74AFED9E7D8F800301A1DC8F8002093
:10A8B000302130461C68FFF73FFE78213046FFF715
:10A8C0003BFE00220823CDE90032214610226FE72B
:10A8D00003B0BDE8F08F00BF2DE9F84FB0F806A037
:10A8E0004579D2F800B09DF828900AFB05F5043DA3
:10A8F00088460BEB0301A94203F1040488BFA5EBD2
:10A90000030BB4FBFAF607460AFB1644C2F800B084
:10A910004EB9AAEB04055D4528BF5D46BBF1000FAB
:10A9200004D1BDE8F88F3F68013EF1E7043408EB3D
:10A9300006003C442A46B9F1000F0DD02146ABEB8E
:10A94000050B05F05BFCDA452E443F6855464FF099
:10A95000000428BF5D46E1E701462046EFE7F8B571
:10A9600046790146721E0546002393422D6803D3A3
:10A970000024A64202D8F8BD0133F6E70F68284646
:10A98000FFF7A7FD01343946F3E72DE9F041CD1C6F
:10A99000078A0646FFF777FD043F3D440446B5FBB2
:10A9A000F7F5D0B14FF48073EDB2C7808380013DDD
:10A9B000066080460027AF4210D23046FFF763FDA5
:10A9C00040B16379013363710137C8F80000066054
:10A9D0008046F0E72046FFF7C2FF00242046BDE88E
:10A9E000F08101210430FFF730BD10B5012104468C
:10A9F0000430FFF736FDC0B220B92046BDE8104054
:10AA0000FFF7ADBF10BD1FB503920022009203AA4D
:10AA1000FFF762FF05B05DF804FB1FB5039201224A
:10AA2000009203AAFFF758FF05B05DF804FB016030
:10AA30000B6843604A68934208BF00234360704735
:10AA4000436843B1026891680B4443605268934283
:10AA500004BF00234360704770B5446806460D4646
:10AA6000206818B1B3682946984718B923682B6045
:10AA7000256070BD2468F3E74368186808B1026870
:10AA80001A6070474368186870474368186800B9CF
:10AA90007047884203D102681A600120704703465C
:10AAA0000068F4E710B50B4AA2F594739A4201D8F6
:10AAB00000200CE0D11A091103EBC10453F8311046
:10AAC000814205D802D204F10803EFE7606810BDA7
:10AAD0002246EBE71017020008B5FFF7E3FF024B31
:10AAE000002808BF184608BD10170200BFF34F8F9B
:10AAF0000549064BCA6802F4E0621343CB60BFF31A
:10AB00004F8F00BFFDE700BF00ED00E00400FA0535
:10AB10004FF0704393F8E02F062A08D1D3F8E80FDE
:10AB200000F0F000A0F13003584258417047002077
:10AB300070474FF08053D3F83001421C04BF4FF0F0
:10AB4000704393F8E00F062804D0A0F10A0358429E
:10AB50005841704701207047024AD2F80034002B58
:10AB6000FBD0704700E0014010B54FF08053D3F8A0
:10AB700030315C1C04BF4FF0704393F8E03F062B6C
:10AB800008D14FF080539C4AD3F82433C3F30423F5
:10AB9000C2F84035FFF7BCFF10B1984B984A5A678E
:10ABA000FFF7C7FF48B14FF080534FF08042D3F812
:10ABB0004432C3F34233C2F83C35FFF7A9FF30B14A
:10ABC000904AD2F8FC3023F08073C2F8FC30FFF7D3
:10ABD000B0FF40B14FF080430022C3F80C21C3F80E
:10ABE0001021C3F83825FFF793FF20B14FF08043C1
:10ABF0000322C3F8A025FFF78BFF60B1824B05222B
:10AC0000C3F810260122C3F888260022C3F81826AC
:10AC10003F22C3F814264FF08053D3F83021501C44
:10AC200009BF4FF07043D3F8343193F8E02FD3F8D5
:10AC3000E83F08BFC3F30313062A7DD1033B012B72
:10AC40007CD84FF08053D3F83031591C04BF4FF0FB
:10AC5000704393F8E03F062B09D14FF080534FF03B
:10AC60008042D3F8583203F04F03C2F8E43EFFF7B6
:10AC700060FF48B14FF08043D3F80024D20744BFAF
:10AC80006FF00102C3F800244FF08053D3F8302155
:10AC9000062A0BD1D3F83431033B022B81BF5B4A28
:10ACA000D2F83C3743F48063C2F83C374FF080530E
:10ACB000D3F830210A2A0AD1D3F834313BB14FF00E
:10ACC0008042D2F8E43E43F00F03C2F8E43E4FF076
:10ACD0008053D3F83021062A0CD1D3F83431033B0A
:10ACE000032B81BF4FF01023D3F808224FF080438D
:10ACF000C3F858254FF01021D1F80032002B03DBA8
:10AD0000D1F80432002B61DA414901234FF01020C1
:10AD1000C1F804351524FFF71FFFC0F80042FFF704
:10AD20001BFFC0F80442FFF717FF0023C1F80435EA
:10AD3000FFF712FFFFF7DAFE0A2A82D14FF08052A6
:10AD4000344BD2F80414C3F82015D2F80814C3F811
:10AD50002415D2F80C14C3F82815D2F81014C3F82F
:10AD60002C15D2F81414C3F83015D2F81814C3F8FF
:10AD70003415D2F81C14C3F84015D2F82014C3F8C7
:10AD80004415D2F82414C3F84815D2F82814C3F88F
:10AD90004C15D2F82C14C3F85015D2F83014C3F85F
:10ADA0005415D2F83414C3F86015D2F83814C3F827
:10ADB0006415D2F83C14C3F86815D2F84014C3F8EF
:10ADC0006C15D2F84424C3F870253AE7D1F80C3258
:10ADD000DB070DD50E480123C0F804350024FFF72A
:10ADE000BBFEC1F80C42FFF7B7FEC0F804459FE771
:10ADF000094B0A4A1A6010BD0030014000C00740EC
:10AE00000DF0ADBA00ED00E0005000400010004031
:10AE100000E0014000C00040D82200200090D00394
:10AE200038B5074C051EA4F1080308BF1C4623686B
:10AE30002BB11A6822605B6828469847F7E738BD4F
:10AE40006029002020B9054B01225A70FFF7E8BFA6
:10AE5000012802D1014A9070F8E77047502900207C
:10AE600020B9034B01225A70FFF7DABF704700BFC9
:10AE70005029002038B50E4C2378B3B90D486360D3
:10AE8000A3602361E36000F075F8054604F0CCFE92
:10AE900008B900F07BF801232370074BD3F8003486
:10AEA0000BB10123A370284638BD8525F5E700BF07
:10AEB0005029002045AE01000000014037B50D4C7F
:10AEC00000230DF107008DF80730FFF765F8E36800
:10AED000013BE360E36833B9074BD3F8005415B97D
:10AEE00000F066F8A5709DF80700FFF779F803B049
:10AEF00030BD00BF5029002000000140012813B5DB
:10AF00000CD0032820D038B9134B0122C3F880207D
:10AF1000BFF34F8FBFF36F8F02B010BD0F4C0023F4
:10AF20000DF107008DF80730FFF736F823780BB9DD
:10AF3000FFF7A0FFE3689DF807000133E3600123FA
:10AF4000A370FFF74DF8E7E700F020F802B0BDE886
:10AF50001040FFF7B3BF00BF00E100E05029002020
:10AF600000F18040002382B0036003680193019BDD
:10AF700002B07047044B0246187918B91A600122D2
:10AF80009A8070478520704764290020074B1A6813
:10AF9000D20704D4C02283F8002301221A604FF0A4
:10AFA00080430122C3F81825704700BF00E100E08C
:10AFB0004FF0804208B50223C2F808334FF4827084
:10AFC000FFF7CEFF0123D360D2F81834DB03FBD4A4
:10AFD00008BD000010B54FF08041D1F8003163B1D9
:10AFE0004FF48070FFF7BCFF01220D4BC1F808231E
:10AFF000587910B95A711B6898474FF08042D2F8BF
:10B00000043163B14FF48270FFF7AAFF0223C2F844
:10B010000833034BBDE810401B680120184710BDE2
:10B020006429002013B5084CD4F800314BB1074B0C
:10B030001B6898470023C4F80031D4F8003101930D
:10B04000019B02B010BD00BF000001406C29002030
:10B0500070B5114B1960114B1C780546D4B9104ED0
:10B0600001221A700378C6F80C3541684FF47A72E1
:10B070000023C803490C05F0BFFAC6F804052B7A73
:10B08000084A5B01DBB282F810334FF4803313605F
:10B09000204670BD0820FCE76C29002071290020A3
:10B0A0000000014000E100E0044B0122C3F804234A
:10B0B0001A60034B02221A70704700BF0000014063
:10B0C0007129002037B5054600240DF107008DF8E1
:10B0D0000740FEF761FF0C4B1A78072A11D8511C64
:10B0E00019700A492A70D1F80805012393400343D7
:10B0F000C1F808359DF80700FEF772FF204603B03F
:10B1000030BD0424F6E700BF702900200000014094
:10B11000034B044A00F5C07043F82020704700BF7D
:10B12000000001403546526E00F1804000F5E040DD
:10B13000002382B0036003680193019B02B0704753
:10B14000F0B5544B544CD3F8043194F82E2085B00C
:10B15000002B3BD04FF48270FFF7E6FF2AB394F840
:10B160002F3013BB4B4AD2F80031002B32D04FF4B2
:10B170008070FFF7D9FF638B94F82D00834250D97C
:10B1800021891B1A9BB289B26383CB1A616801EBD8
:10B190004301C2F82C16C2F830064FF48270FFF754
:10B1A000C3FF3C4B01225A6014E063680293238979
:10B1B000ADF80C30E36800218DF8041033BB237424
:10B1C000236801A89847002384F82F3094F82E3084
:10B1D000002BC7D12F4BD3F810315BB14FF48870DF
:10B1E000FFF7A2FF0023237402238DF8043001A887
:10B1F00023689847274BD3F814310BB34FF48A7068
:10B20000FFF792FF0023237405B0F0BD208B60830D
:10B2100063602081E160002AD2D11E4B01221A60B6
:10B22000CEE7BAD1E168012084F82F0031B10020C7
:10B230006083C2F82C16C2F83036AEE76183ACE703
:10B2400066694FF000470125002EDDD0B6FA86F280
:10B2500027FA02F34632920026EA030602F18043FF
:10B2600003F5E0431B68002BEED01046A2F58C726C
:10B27000FFF75AFFD30882F00402C2F380028DF870
:10B2800008308DF8045023688DF8092001A89847EC
:10B29000DAE700BF007000407429002038B5204A6A
:10B2A00092F82C300446002B37D111601D490078EC
:10B2B000C1F8F0056078C1F8F405E078137482F8FD
:10B2C0002D30536182F82F3001256FF0004382F852
:10B2D0002E0082F82C504FF48270C1F80833FFF72B
:10B2E00023FF4FF48070FFF71FFF4FF48A70FFF7C2
:10B2F0001BFFA3780C485B01DBB280F80733802387
:10B3000003600223C1F8043392F82E300BB1C1F868
:10B310000453C1F80055002038BD0820FCE700BFE9
:10B32000742900200070004000E100E010B52C4BB3
:10B330001A7C02F0FF04002A4FD10A79012A9CBF2F
:10B34000284AC2F8004500F10C0403EB44021279CC
:10B3500022B993F82D20013283F82D2003EB44030A
:10B36000CA791A710A7A5A714B788A781B011202CB
:10B3700002F4E06203F0300313430A7802F00302A0
:10B380001343CA78120302F4805213430A79120459
:10B3900002F4E02213434A79120502F480121343A7
:10B3A0008A79120602F0807213430E4A02EB0014EF
:10B3B000000100F18040C4F8183500F5E040CB7979
:10B3C0000C7AC0F81445C0F810350B79012B9CBFDE
:10B3D0000123C2F80035002010BD1120FCE700BF9A
:10B3E000742900200070004070B5334A147C04F0CA
:10B3F000FF03002C5ED1314C012503261574C4F8DF
:10B400000863C4F82C16C4F8305692F82D10A942DF
:10B410000CD91C46190101F1804101F5E0410133CD
:10B42000082BC1F81445C1F81045F3D100F10C0305
:10B43000000102EB430300F1804000F5E040197980
:10B440005B79C0F81435C0F810151C4901230B6056
:10B450004B6042F21073D1F8040108B9013BFAD1F4
:10B460004FF48070FFF760FE4FF48270FFF75CFED0
:10B4700092F82D30012B11D90F4800210B0103F157
:10B48000804303F5E0430131047F457FC3F8145541
:10B490000829C3F8104500F10200EFD192F82E10F0
:10B4A000064B29B103210020C3F80413107470BDAA
:10B4B0000221F8E71120FAE774290020007000400B
:10B4C00008B50A4B197C01F0FF0269B902214FF45B
:10B4D00088701974FFF728FE054B1021C3F8041378
:10B4E0000121D960104608BD1120FCE77429002015
:10B4F000007000400023435082B043580193019BE9
:10B5000002B070470A7B0346032A29D8DFE802F01D
:10B51000212519028A68500304D5D3F84C250869FF
:10B52000904207D18A6852031AD4D3F84C2549694E
:10B53000914215D000200622C3F80005C3F800256B
:10B540007047D3F84C2508699042F3D1D3F83C25D5
:10B55000EDE7D3F84C250969EAE7D3F83C25FAE78B
:10B5600001207047F0B5584D584CD5F8243187B0BC
:10B57000FBB14FF492712846FFF7BCFFD5F80431B8
:10B58000BBB9A368C5F808330223A360A368C5F854
:10B590000433D5F860311BB1D5F800329F0503D4D0
:10B5A000494B01221A625A61012384F82E3007B0F8
:10B5B000F0BDD5F80431002B56D043484FF48271CA
:10B5C000FFF798FF256A6E0609D494F82E3033B938
:10B5D0003E49FFF797FF80F0010084F82E006D07C9
:10B5E00020D43B4E0FCE01AD0FC5336836482B60DB
:10B5F0004FF4B071FFF77EFF4FF4AE71FFF77AFFA3
:10B6000094F8303013B194F82E305BB12E4B0022F9
:10B61000C3F80022A2602F4AC3F808232E4B082249
:10B62000C3F88021284AD2F8C434C2F8C434980739
:10B6300044D4590744D4DA0744D494F82E309B00FC
:10B64000DBB28DF8003094F830300BB984F82F302D
:10B65000236A5B0703D594F82E30002BA7D0D4E9DA
:10B66000003168469847A2E717484FF4A471FFF7E6
:10B6700041FF237B83B9164F0FCF01AE0FC63B6846
:10B68000336094F83030002BCCD1C5F80032A36081
:10B69000104BC5F80833C1E74FF40073C5F800320A
:10B6A00040F20223A36003F1CE73C5F80833A36808
:10B6B000C5F804330123AB602B6278E70123C0E7B0
:10B6C0000223BEE70323BCE700300040A42900208A
:10B6D000B029002002029C0100E100E02DE9F84FB2
:10B6E0000779364E4FF0340A0AFB07FA06EB0A08D0
:10B6F0009B4698F82D3005460C469146002B58D1B4
:10B700002F49006800F08CFC002854D146F80A90BC
:10B71000C8F80800C8F804B088F82F0088F830008E
:10B72000637B88F8323023684FF0A04203F5E07362
:10B7300040F20C6142F82310636803F5E07342F8AD
:10B740002310D4E900212B68C3F80825C3F80C1591
:10B75000A268C3F82425B9F1000F22D02B68227B00
:10B7600043F30733002BAEBF03F1604303F00F0335
:10B7700014494FEA4212A8BF03F56143D2B2B4BFE5
:10B78000CA5483F800232B6843F30733002B08DBEC
:10B790000122590903F01F0302FA03F30A4A42F88F
:10B7A0002130342303FB0766012386F82D30BDE8E2
:10B7B000F88F0820FBE71120F9E700BFA42900203B
:10B7C00065B5010014ED00E000E100E003680279D6
:10B7D0000621C3F80015044B342101FB0233022279
:10B7E00083F82D20704700BFA429002001790B4B5E
:10B7F0000268342000FB0133094900209860C2F838
:10B800000813D2F8001221F4BC51C2F80012C2F899
:10B810000005012283F82D20704700BFA4290020D5
:10B8200002029C0170B506791E4D34237343044611
:10B83000EB5893B1036843F30733002B0DDB5A0930
:10B84000012103F01F03994002F12003164A42F838
:10B850002310BFF34F8FBFF36F8F2046FFF7C6FF54
:10B86000206800F0FDFB342303FB065393F83230CD
:10B8700083B92368D3F808354FF0A04203F5E0738D
:10B88000022142F823102368D3F80C3503F5E07346
:10B8900042F82310342303FB0655002385F82D308E
:10B8A00070BD00BFA429002000E100E02DE9F843AD
:10B8B000DFF8C08290F804900468342707FB0987FA
:10B8C000002387F82E30CB6803F06043B3F1005FAC
:10B8D0000D46164603D010273846BDE8F883A64B20
:10B8E000C4F8083397F82F3023B1BB68C4F8043389
:10B8F0001127F1E712F0140F0CBF0123002387F882
:10B900002F308E46BEE80F0007F10C0CACE80F009C
:10B91000DEF80030CCF80030C6F3001387F8303082
:10B920003E626B78C4F8883520464FF48271FFF789
:10B93000E1FD4FF49271FFF7DDFD4FF4B071FFF7B9
:10B94000D9FD4FF4A471FFF7D5FD16F0010318BF20
:10B950000123C4F8503516F0020318BF0123C4F8C0
:10B9600040352B78032B00F2B580DFE803F087A089
:10B9700069022B6903F06043B3F1005FABD14FF470
:10B980008073C4F800326B68EA68C4F844254FF449
:10B99000A871C4F84835FFF7ADFD01232362A36009
:10B9A000D4F85031002BFBD04FF4A8712046FFF79C
:10B9B000A1FDAB682A69C4F84425C4F8483534238E
:10B9C00003FB09834FF480229A6008230027320783
:10B9D00004D42A78032A1CBF0122E250342303FB3B
:10B9E00009F308EB030258F80330002B75D1012549
:10B9F000D4F84821D4F80431002B40F08680003A76
:10BA000018BF0122D4F82431002B00F085804FF4B8
:10BA100092712046FFF76EFDD4F86011D4F8003221
:10BA200009B1980504D4256265610029E0D000229F
:10BA3000D90571D54FF4A4712046FFF75BFDD7E718
:10BA40006B68EA68C4F84425C4F848352B6903F0EC
:10BA50006042B2F1005F7FF43EAFAA68C4F83435AB
:10BA60004FF48453C4F83825C4F80032342303FB60
:10BA7000098302229A6001232362A6E76B68EA68C1
:10BA8000C4F8442516F0200FC4F848354FF03403AD
:10BA900008D04FF48072C4F8002203FB09834FF4EE
:10BAA0008022E7E74FF40072C4F80022DFE76B68FA
:10BAB000EA68C4F83425C4F838354FF48053C4F824
:10BAC0000032342303FB098302229A60012323629C
:10BAD00000237BE70823072779E7730744BF002388
:10BAE0009360750606D4342303FB09839A6842F0F9
:10BAF00002029A60342303FB09839A6842F40072BD
:10BB00009A609B68C4F80433E6E64FF482712046DD
:10BB1000FFF7F0FC012275E7002A3FF469AF3421FA
:10BB2000D4F8C434C4F8C43401FB0982002082F87C
:10BB30002F0093B113F0010F14BF4FF402470327F6
:10BB400048F2012213F0020F18BF174613F0040F3A
:10BB500048F2022318BF1F46BEE673063FF5BCAE8F
:10BB600009FB01812046FFF7CDFC002808BF032711
:10BB7000B2E600BFA429002002029C0110B586B0E5
:10BB80000024CDE904249DF820208DF805105201F1
:10BB900001A9CDE902348DF80440FFF787FE06B015
:10BBA00010BD10B586B0012402930023CDE9033205
:10BBB0008DF805101A4601A98DF804400593FFF78A
:10BBC00075FE06B010BD00F1804000F5C0400023B6
:10BBD00082B0036003680193019B02B0704780004C
:10BBE00000F1A040D0F8003723F44033C0F800370C
:10BBF000D0F8003743EA0143C0F80037704700002F
:10BC0000054B4FF0FF32072843F8202084BF1B1854
:10BC100083F84820704700BFD829002010B5194C80
:10BC200094F858305BBB4FF0FF3204F1300122FA38
:10BC300003F0C00748BFCA540133202BF7D10021BD
:10BC4000C8B20131FFF7DCFF0C29F9D10422002131
:10BC50000D4804F081FA0D4BC02283F806234022E0
:10BC60001A604FF4BE70FFF7AEFF094B4FF0004271
:10BC7000C3F80423012384F85830002010BD0820A5
:10BC8000FCE700BFD82900202C2A002000E100E0BA
:10BC900000600040F0B53B4E331893F93030002B74
:10BCA0006DDA8F78C7F34007002F0BBF08230023FE
:10BCB0004FF00C0C4FF0080C634501D10420F0BD8F
:10BCC00056F8235001354FEA830442D106EB000CAD
:10BCD0005DB246F823208CF8305017B9334483F80E
:10BCE00048008B785F0716D4DA0734D5830003F158
:10BCF000A043D3F8002722F00202C3F80027224F06
:10BD0000C20800F0070C012303FA0CF317F802C075
:10BD100043EA0C03BB548B780A789B0724D504F1C3
:10BD2000804303F5C0430002D3F8101521F44731D6
:10BD300021F44071C3F810151204D3F8101500F463
:10BD4000F85002F4403210430843C3F810050020B5
:10BD5000B5E70133B0E74A7800F5E0734FF0A0474C
:10BD6000920047F82320CAE7A5F1080346FA83F3B7
:10BD700093F8501041EA821283F85020E7E7082038
:10BD80009DE700BFD82900202C2A002038B51E4C82
:10BD9000251895F93020072A16DD144494F8483008
:10BDA0009B09032B0BD14FF0A043D3F81015C140D2
:10BDB00001F001010231BDE83840FFF710BF012B4F
:10BDC0000CBF02210321F6E7D3B2072B1BD8930047
:10BDD00003F1804303F5C043D3F8100540F00100A0
:10BDE000C3F8100502F14000800080B2FFF7EBFEBF
:10BDF00049B195F9303054F8233023B101239340F1
:10BE0000024AC2F8043338BDD8290020006000403F
:10BE10000E4B034493F93020072A02DD0021FFF77F
:10BE2000DEBED3B2072B0FD8930003F1804303F596
:10BE3000C043D3F8101521F00101C3F810150123F8
:10BE40009340034AC2F80833704700BFD829002046
:10BE500000600040F8B50446FFF7DAFF17490A19F9
:10BE600092F9303092F83020072A9FBF144A03F528
:10BE7000A273002042F8230004F00702012393403C
:10BE80001048E208855C1D420AD004F5E0754FF0C9
:10BE9000A046022746F82570855C25EA03038354F3
:10BEA0000B1993F93000002802DBC0B2FFF7A8FE9F
:10BEB0002144FF2381F83030F8BD00BFD82900208D
:10BEC000006000402C2A00202DE9F34700244E4D4D
:10BED00001944FF48072012102F1804303F5C043C5
:10BEE0001B68012B07D1D5F804330B4203D090B265
:10BEF000FFF769FE0C430432B2F5907F4FEA41012F
:10BF0000EAD1414BD3F87C31012B0CD14FF4BE70F8
:10BF1000FFF759FE4FF0A04344F00044D3F820252A
:10BF20000192C3F82025E3B2D3B1384F0025012692
:10BF3000344210D0AB0003F1804303F5C043D3F883
:10BF40001005D3F8101557F8253023B1C1F301417E
:10BF5000C0F3042098470135082D4FEA4606E7D183
:10BF6000002C48DA294C4FF0A047294D4FF000082B
:10BF7000012615F9013F5A1C31D0C3F3C201083123
:10BF80006944DAB211F8041C03F03F0903F0070317
:10BF900006FA03F3194222D009F5E073484657F830
:10BFA0002330C3F3014ABAF1020F14BF0221032167
:10BFB000FFF715FE06FA09F3C7F8203504EB09036D
:10BFC00093F9303054F823304BB19109032904D050
:10BFD000BAF1020F12D1012901D14846984708F160
:10BFE0000108B8F1040FC4D1D7F820350193C7F880
:10BFF0002035002BB9D102B0BDE8F087BAF1030FAC
:10C00000EDD10229E8E700BF00600040D8290020F8
:10C01000272A0020014B1B68184700BF342A002044
:10C020000D4B984237B50C4611D100230DF1070096
:10C030008DF80730FDF7B0FF084B1D7915B90122C7
:10C040001C601A719DF80700FDF7CAFF15B90020A2
:10C0500003B030BD1120FBE700200040342A00204F
:10C06000034B984201BF034B00221A601A717047BC
:10C0700000200040342A0020032811D8012A0AD1C8
:10C0800001290FD100F10E02D2B20D4B00EB40009E
:10C090001A54002070470129F7D0022904D049B171
:10C0A000072070470022F8E7054B00EB40000344EF
:10C0B0005A70EEE7024B00EB400003449A70E8E749
:10C0C0003C2A002008B5012202210020FFF7D4FFFE
:10C0D00008B1072810D1072202210120FFF7CCFF69
:10C0E00008B1072808D100210A220846FFF7C4FF3B
:10C0F00010B1072808BF002008BD000010B5038854
:10C10000102B02D0112B22D010BD194C2168D1B9AF
:10C1100001220846FFF7B0FF08B107280FD1072218
:10C1200002210120FFF7A8FF08B1072807D1042248
:10C1300002210020FFF7A0FF28B1072803D00D4BF4
:10C140001B6803B19847236801332360DCE7084A82
:10C150001368013B1360002BD6D1FFF7B3FF002813
:10C16000D2D0044B1B68002BCED0BDE8104018473E
:10C17000482A00204C2A002041DF704776DF7047B4
:10C180007ADF70477CDF70478FDF7047B1DF704721
:10C1900070470000034B1B7813B9034B01221A7040
:10C1A000704700BF7A2A00205D2A002013B5154B86
:10C1B00018884FF6FF74A04221D0134B1A78002A3A
:10C1C0000CBF06227822ADF800201A781B78002ACE
:10C1D0004FEA83030CBF0C227822ADF80430694685
:10C1E0004FF4C873ADF80220ADF8063003F05CF8E8
:10C1F00028B1064A938FA3421CBF0133938702B034
:10C2000010BD00BF30230020782A0020F02C002031
:10C210002DE9F04F8C4C85B001258046256401A89E
:10C22000D4F84065894601F08FFB002800F0C080FB
:10C230002564D4F84035854C8549628D9B1B9BB2A3
:10C2400092B29A4238BF6385824B1F887A1C1A804B
:10C2500001A80C2204F084F80C220646B0FA80F5FE
:10C2600001A97B486D0903F0C9FF56B97A4A1388C2
:10C270004FF6FF719BB28B421FBF138801339BB2F5
:10C28000138063682B44636016B123680133236015
:10C29000DFF8C8B172499BF8002041F27B4340F2BD
:10C2A0007625002A18BF1D466E4BD3F804A59BF8CF
:10C2B000002040F6CD4340F2AE70002A18BF184669
:10C2C000694A137883B10B68AAEB030323F07F4319
:10C2D000984209D263690133636101F0B7FC634B93
:10C2E0005F49614A002018700123C1F800A0137053
:10C2F000B9F1000F5FD094F83630002B5BD09BF87B
:10C300000030002B57D1DFF86491DFF864A199F871
:10C310000030FBB1DAF80050A8EB0505ADB22846B5
:10C3200001F0CAFBA5F57A6248F6A0439A420AD901
:10C330006369B5F57A6F03F1010349F6404563611E
:10C3400038BF4FF47A6528044A4A0023002104F0DC
:10C3500053F985B20123CAF8008089F8003016B974
:10C3600094F83630B3B1384E4FF00108C6F840802B
:10C37000294601A8D6F8409501F06EFCC6F8408029
:10C38000D6F84035A28DA3EB09039BB292B29A4234
:10C3900038BFA385384D2B785FFA83F8013303F05B
:10C3A0000F06364B1B78B3422BD1A3680133A36031
:10C3B00005B0BDE8F08F9BF80030002BCFD02B4AA2
:10C3C0002F481378C3B10168AAEB010121F07F4126
:10C3D000A1F28F23B3F5A46F0CD3636901336361BA
:10C3E00040F28E2C40F2AE7540F28F2361458CBF37
:10C3F0002946194689008DB20123C0F800A01370A8
:10C40000ADE7204C08EBC8000C2201A904EB40006A
:10C4100003F0F4FE122303FB0844A78101F08EFE13
:10C42000E08101F09DFE184B1B7840EAC3002074A8
:10C43000BFF35F8F044B2E7001221A64D3F840259E
:10C44000124B1A60B4E700BF00900040F02C0020AF
:10C45000A02A0020AC2A00209E2A0020782A002052
:10C46000702A0020001001406C2A0020642A00205D
:10C47000682A002040420F00AF2A0020AE2A002088
:10C48000602A0020B02A0020952A0020742A00206B
:10C4900010B5114B1B785BB1104A13884FF6FF7132
:10C4A0009BB28B4203D0138801339BB2138010BD23
:10C4B0000B4A0C4913780978D8B2013303F003030F
:10C4C0009942F4D0084901240C64D1F84045074949
:10C4D00041F820401370EAE77A2A00207C2A0020E5
:10C4E0007F2A00207E2A002000900040802A002021
:10C4F00008B50378002B31D1828A012A2ED903692D
:10C50000197820292AD159781039082926D8DFE846
:10C5100001F0050920252530382628001A4B012274
:10C520001A701BE0022A19D09B78012B174B19783F
:10C5300014BF01220222914210D01A701A781449B5
:10C54000002002F037F9BDE808401249002001F050
:10C550006BBF114A13780133DBB2137008BD0F4A69
:10C56000F8E7022AFAD09B780D4A591E4B424B41FC
:10C57000F3E7022AF2D09B785A1E53425341024AF3
:10C58000EBE7084BCBE700BF2E2300202823002039
:10C590000E0E02001B0E0200992A0020982A00208D
:10C5A00000230020932A002010B5174B1A788242EE
:10C5B000044627D0154A1870538F82F837004FF67B
:10C5C000FF718B421CBF0133538701F039FB104AC6
:10C5D000002313700F4A137094B90F4B0F490122B7
:10C5E0001A64D3F840250E4B1A60002002F0E2F8DE
:10C5F0000C49002001F018FFBDE81040FFF7D6BD40
:10C600000949F2E710BD00BF782A0020F02C002075
:10C61000642A0020792A0020009000403E0E02008B
:10C62000742A00201B0E0200200E020007B50388AA
:10C630003B2B0DD008D8112B22D0212B2BD0102B27
:10C640000DD003B05DF804FB522B2CD0562BF8D143
:10C650008088132103B05DF804EBFFF78FBD174B03
:10C660008188174A198000231360164A16481370F0
:10C67000164B01221A7003B05DF804EB03F09EB86C
:10C680000E4B4FF6FF7200201A80FFF78DFF104B04
:10C6900000221A70D5E7002301A98088ADF8043084
:10C6A000FFF772FDCDE70548002300881A461946BA
:10C6B00003B05DF804EBFFF769BD00BF3023002035
:10C6C000582A00209C2A0020CC2C00205C2A002024
:10C6D0000023002008B501F099FD28B10C4A108014
:10C6E00001F0CEFD0B4B18700B4B1A884FF6FF7301
:10C6F0009A420A4A02D00023136008BD136801332E
:10C70000B3F5967F136022BF054B01221A70F4E740
:10C71000962A0020952A002030230020582A002045
:10C72000542A002008B501F09BF92649264A0B78C7
:10C73000834218D100231370244B1B78002B34D074
:10C74000234B1A884FF6FF739A422ED0214B93F851
:10C750003630DBB9204A1378FF2B1FBF1378013323
:10C76000DBB2137021E013780133DBB2022B1370BC
:10C77000E2D90023087013700028DDD0174A13781F
:10C78000FF2BD9D013780133DBB2D4E7144B1B78DD
:10C7900063B1144B144AD3F8043512689B1A23F082
:10C7A0007F4340F63D229342D4D808BD0F4B01226F
:10C7B0001A640F4AD3F8403512689B1A9BB247F2AD
:10C7C0003052F0E7912A0020902A0020D02B002040
:10C7D00030230020F02C0020792A0020922A00200B
:10C7E000782A002000100140702A002000900040AC
:10C7F000742A002038B5054D044645F001054FF474
:10C800007A40A847013CFAD138BD00BF301702007A
:10C8100008B50B4644F20101884205BF13680B4975
:10C820000B49926818BF0246002001F0C3FF094976
:10C83000002001F0F9FD28221146032001F0E8F85C
:10C840004FF47A70FFF7D6FFF5E700BF540E0200F1
:10C850006E0E02001B0E02002DE9F04F4FF0A044B7
:10C8600003234B4EC4F87037B5B0002001F0C4F874
:10C8700096E807000C23C4F864370023C4F8243773
:10C8800006AB83E8070042F6E06242490792184689
:10C89000FEF7DEFB08B1FDF75BF93F48FEF712FC3F
:10C8A00008B1FDF755F9FEF7FFFB3C493C4F3D4D04
:10C8B000002001F07FFF3C49002001F0B5FD01F0B0
:10C8C000EBF850222821012001F0A2F84FF42F703C
:10C8D000FFF790FF00F070FC002400F05FFE22469E
:10C8E000034638702946002001F064FF2E490020DD
:10C8F00001F09AFD3B7893B101F05CF93B784BB1C4
:10C90000FFF78CF9044628B9012000F00DFF00283C
:10C9100040F07A812549002001F04CFF78E0322078
:10C920000134FFF767FF052CD7D13C78002CE3D109
:10C930001F49204601F03EFF1B49204601F074FDCF
:10C94000DAE74FF001081B4B039AA3F800B01A4B2B
:10C95000ADF81420029A9B788DF8163012F8013B3E
:10C960008DF81430154BDFF858A053F8249002923C
:10C970000125144A8AF8005005A94846FFF78AF9AC
:10C9800010B38AF800B0002000F0CEFEC2E700BF6E
:10C990004017020091C10100942A0020940E020069
:10C9A000D02B0020A90E02001B0E0200F60E020082
:10C9B000BD0E02007C2A00204C1702002417020042
:10C9C0007A2A002091C4010029464846FFF7DEF983
:10C9D0000A250A20FFF70EFF013D09A800F0B4FF69
:10C9E00015F0FF05F5D18F4B8AF800501B889BB2DC
:10C9F000042B40F2F8808C4A8C4908EB4404013443
:10CA000082F83640284600934A46434601F0D2FE5B
:10CA10008749002001F008FD3B782BB3824B93F847
:10CA200036300BB3834AB6F80F30ADF8243009A97D
:10CA30009378814A8DF826300920FFF72BF90028DA
:10CA400040F0EE8009200121FFF7A0F9012000F05D
:10CA50008FFE002800F0DF807849002001F0AAFE58
:10CA60007349002001F0E0FC01F09CFB01F0CEFBDB
:10CA7000044628B1724B188001F002FC714B18700B
:10CA800022467149002001F095FE6949002001F01D
:10CA9000CBFC50222821022000F0BAFF4FF42F7067
:10CAA000FFF7A8FEFDF7FCF808B1FDF751F803F019
:10CAB0007DF808B1FDF74CF8002309A9012009937E
:10CAC00003F006F908B1FDF743F809A803F0CCF923
:10CAD00008B1FDF73DF85D4AD6F81200516809AB80
:10CAE00003C309A8FFF74CFB08B1FDF731F858481C
:10CAF00003F0C6FA564982B20020FFF743FB08B1A3
:10CB0000FDF726F85348002102F080FD08B1FDF73B
:10CB10001FF800235048059305A902F03DFE08B117
:10CB2000FDF716F84D4B4E48099309A902F046FF50
:10CB300008B1FDF70DF8AC22002109A803F00CFBA9
:10CB4000484B09930123484AADF870308DF8A03066
:10CB500046481D92402309A92B9302F0C5F808B15D
:10CB6000FCF7F6FF4148012102F0BBF81C2200212E
:10CB700009A803F0F1FA4FF4A033CDE90A3309A86C
:10CB800003238DF8303002F055FB08B1FCF7E0FFCD
:10CB90003749002001F00EFE2549002001F044FC39
:10CBA00050222821032000F033FF4FF42F70FFF7AD
:10CBB00021FE03212D4802F009F92E4904460246C0
:10CBC000002001F0F7FD1A49002001F02DFC002C97
:10CBD0005AD028221146032000F01AFF4FF47A7031
:10CBE000FFF708FEF5E74846FFF712F94846FFF75A
:10CBF00031F9B8F1000F3FF4A4AE54B944461E4BCE
:10CC000002934FF000089EE61C4B1B880393A3463B
:10CC1000F5E72846B8E60920FFF7FAF818491CE7B7
:10CC200018491AE77C2A0020F02C0020CF0E0200C1
:10CC30001B0E02004F17020095C101000D0F0200EC
:10CC4000962A0020952A0020750F02005217020034
:10CC5000BB0F0200D82C0020CC2C0020F1C4010016
:10CC600034230020020000062A230020D42B0020B9
:10CC7000820F0200970F02002C1702004C170200CF
:10CC80002C0F02004F0F02009949204601F092FD3F
:10CC90009849204601F0C8FB50222821042000F0CA
:10CCA000B7FE4FF42F70FFF7A5FD934A934801217B
:10CCB000FDF728F808B1FCF74BFF914800229321BB
:10CCC000FDF732F808B1FCF743FF8E4A8E48012188
:10CCD000FDF718F808B1FCF73BFF8C4800224FF431
:10CCE0008041FDF721F808B1FCF732FF884C8949F3
:10CCF00094F83630009309224FF49673002001F027
:10CD000059FD7C49844D002001F08EFB0026834BA9
:10CD1000DFF80C821878FEF7FBF9824B1B7813B111
:10CD2000012388F8003080490B7833B32B884FF605
:10CD3000FF72934221D00A78DFF8F0917C48013AE3
:10CD4000D2B20A707B4A099299F800208DF8292006
:10CD500006220027ADF8122009A90DF112028DF864
:10CD6000287002F0A5FE744999F80020384601F0B9
:10CD700021FD6049384601F057FB704A137843B3F0
:10CD800029884FF6FF73994223D01378013BDBB219
:10CD900013706B4B1F88BFB217B901F037FA074603
:10CDA00040F22243ADF824300423ADF812300DF1E7
:10CDB00012022B885E48ADF8267009A902F078FEB1
:10CDC00060493A46002001F0F5FC4A49002001F094
:10CDD0002BFB98F800303BB14948FCF7D3FF4B4898
:10CDE000FCF7D0FF00F046FE002709A88DF824705C
:10CDF000FDF7D2F8544A1378022B04D91378033B79
:10CE0000DBB2137001279DF82400FDF7E9F83FB16C
:10CE10003C221146022000F0FBFD4C4B00221A6020
:10CE20004B4A13787BB1002309A813708DF8243086
:10CE300000F032FD38B1474B9DF824001B78984232
:10CE400049D1FFF7B3F9444B1A7812062ED4FF22CA
:10CE500019781A70414B424A4FB2002918BF1A463E
:10CE60000020404901F0A6FC2249002001F0DCFA34
:10CE7000002F13BF012300230120002084F8383045
:10CE800000F076FC90B18FB1002309A88DF8243012
:10CE900000F002FD40B19DF82430FBB92D4B1B780A
:10CEA00013B10020FFF780FB00F084FE2E4A1378B8
:10CEB0005BB1002309A813708DF8243000F0ECFC5E
:10CEC00018B19DF82400FFF76FFBDFF8A080284F12
:10CED000DFF8A09064E0FFF767FBB4E700F0EEFC3A
:10CEE0000028DED19DF82430002BDDD1D6E700BF2D
:10CEF000A80F02001B0E020025C701003C1702000C
:10CF000008230020D5C6010038170200E0220020C7
:10CF1000F02C0020C80F020030230020942A0020AB
:10CF2000542A0020932A0020992A00202823002038
:10CF30003423002022030005EC0F0200982A002071
:10CF4000962A002001100200922A0020582A002070
:10CF50005C2A0020782A002000230020820E020094
:10CF6000900E0200121002005D2A00207F2A00208D
:10CF70007E2A0020802A00203B78DBB259F823006B
:10CF80003B78013303F003033B70754B1B783BB1D7
:10CF90002A884FF6FF739A4202D00121FFF738F931
:10CFA00098F800203B789A42E6D16E4A13789BB1FC
:10CFB0001378013BDBB21370694B1B7863B12A888D
:10CFC0004FF6FF739A4207D0674B01221A64D3F8D9
:10CFD00040050021FFF71CF9644FDFF894A1ABE096
:10CFE000644A3B7810786449DFF890C1DBB268B1DD
:10CFF000122000FB0310BCF800E0808970451FBFC1
:10D00000A0EB0E0EE06810FA8EF0E0605C484FF086
:10D01000120808FB03F808EB00098844B9F804007B
:10D02000B8F80CE00EF1010EACF800E04FF0010C86
:10D0300082F800C0B5F800C04FF6FF72944553D097
:10D04000504A1278002A4FD04F4A127803EBC3039C
:10D05000022A01EB430178D14FF49173ADF8260019
:10D060000C220AA8ADF8243003F0C8F8B9F806304D
:10D07000ADF8343098F810308DF8363013222B8804
:10D080004FF6FF718B422FD0DFF8DC80ADF8122015
:10D090004FF00109C8F840900DF1120209A93B4870
:10D0A000D8F840B502F004FDC8F84090D8F84035F3
:10D0B000E18DA3EB0B039BB289B29942024638BFC4
:10D0C000E38588B1236901332361314BD3F80080B4
:10D0D000B8F1000F08D12F491860404601F06AFBF3
:10D0E0002D49404601F0A0F93B78013303F00F03CE
:10D0F0003B702A4B1B780136002B0CBF68230C2396
:10D10000B6B2B34218D801F019F8064601F020F87B
:10D11000234A94F83710128892B20346CDE90021D1
:10D12000002032461F4901F045FB1B49002001F059
:10D130007BF900F0D7FC00263A789AF800309A4242
:10D140007FF44EAFFFF718F8E1E522230C220DF132
:10D150002600ADF8243003F051F80E228FE700BF0F
:10D16000D02B0020792A002000900040AE2A002019
:10D17000AF2A00209C2A0020B02A00209A2A0020F2
:10D18000B82A00202E23002028230020342300204A
:10D19000502A00201E1002001B0E0200782A0020D8
:10D1A0009E2A00204D100200024B802043F0010314
:10D1B000184700BF6017020010B54FF0A04440F2BE
:10D1C0000D63C4F81437C4F818372023C4F80835A1
:10D1D000FFF7EAFF4023C4F80835BDE81040FFF729
:10D1E000E3BF70B54FF0A0442023C4F808354026B3
:10D1F000FFF7DAFFC4F80865FFF7D6FF0925C4F882
:10D200000C65FFF7D1FFC4F80865FFF7CDFF013DBE
:10D21000F5D12025C4F80C55FFF7C6FFC4F8085512
:10D22000BDE87040FFF7C0BF70B54FF0A0442026A6
:10D230004025C4F80865FFF7B7FFC4F80855FFF7A5
:10D24000B3FFC4F80C65FFF7AFFFC4F80C55BDE899
:10D250007040FFF7A9BFFFF7E7BF38B54FF0A04414
:10D260002025C4F80C55FFF79FFF4023C4F808356C
:10D27000FFF79AFFC4F80855BDE83840FFF794BFA0
:10D280002DE9F041074607264FF0A0444FF0200853
:10D29000402527FA06F3DB074CBFC4F80885C4F81D
:10D2A0000C85FFF781FFC4F80855FFF77DFFC4F830
:10D2B0000C55FFF779FF013EEBD22023C4F8083567
:10D2C000FFF772FFC4F80855FFF76EFFD4F810653A
:10D2D000C4F80C55FFF768FF6FEA561000F0010024
:10D2E000BDE8F0812DE9F0414FF0A0452023C5F8BD
:10D2F00008350746FFF758FF082600244FF040087E
:10D30000C5F80885FFF750FFD5F81035C5F80C852E
:10D310006400C3F34013E4B21C43FFF745FF013E32
:10D32000EED12023B7B1C5F80C354FF0A04540260B
:10D33000FFF73AFFC5F80865FFF736FFC5F80C653B
:10D34000FFF732FF2023C5F80835FFF72DFF2046F1
:10D35000BDE8F081C5F80835E7E738B505460C4665
:10D36000FFF762FFD420FFF78BFF20B9FFF775FFAF
:10D370000024204638BD2846FFF782FF0028F5D05C
:10D380002046FFF77DFF04460028EFD0FFF765FF3A
:10D39000EFE72DE9F04104460F461646FFF744FF3C
:10D3A000D420FFF76DFF28B9FFF757FF0024204670
:10D3B000BDE8F0812046FFF763FF0028F4D0FFF7B7
:10D3C0004AFFD520FFF75CFF04460028ECD006F1A9
:10D3D000FF3800255FFA88F8E8B2804594BF002046
:10D3E0000120FFF77FFF78550135AE42F4D1FFF7FA
:10D3F00034FFDCE77FB5124B1B7813B1002004B07B
:10D4000070BD104D2E78C6B90F4B0FCB6C4684E81B
:10D410000F0006220523CDE900234FF0C8630293D5
:10D420000A48334632462146FEF758F90028E5D12E
:10D430000648FEF7CBF901232B700120DFE700BF80
:10D44000ED2C0020EE2C002080170200781702003F
:10D450002DE9FF4105460E46FFF7CCFF044678B3A1
:10D46000002300931C488DF80C50022303AA6A2164
:10D470008DF80D60FEF782FB184F40B3DFF8608037
:10D480001548D8F81C305A1C1CBF0133C8F81C3092
:10D49000FEF7C8F9134B00241C703B780133DBB254
:10D4A000022B3B700CD9104B104901221A702046F8
:10D4B000D8F81C2001F07EF90D49204600F0B4FF99
:10D4C0003146284604B0BDE8F041FFF746BF38704A
:10D4D000204604B0BDE8F08178170200EC2C002053
:10D4E000F02C0020EE2C0020ED2C0020701002000B
:10D4F0001B0E0200F0B585B00D468DF80F00FFF74A
:10D5000079FF0446002833D0002300931C481D4EA9
:10D5100001230DF10F026A21FEF730FB50B91848C4
:10D5200001232A466A21FEF73CFB18B930702046D9
:10D5300005B0F0BD144F1248FB695A1C1CBF0133E3
:10D54000FB61FEF76FF9114B00241C703378013337
:10D55000DBB2022B33700BD90D4B0E4901221A702E
:10D560002046FA6901F026F90B49204600F05CFFDD
:10D570009DF80F0001222946FFF70BFF0446D6E76E
:10D5800078170200EC2C0020F02C0020EE2C00205C
:10D59000ED2C0020701002001B0E02002DE9F0435C
:10D5A0005C4D85B000238DF80C30032445F0010557
:10D5B000FFF717FE012203A90F20FFF7EAFE20B1B3
:10D5C0009DF80C306A2B00F0838000238DF80C301E
:10D5D0000A264FF47A40A847013EFAD1013C14F0E4
:10D5E000FF04E5D10027384605B0BDE8F0834FF4CD
:10D5F000C850C0479DF80C6016F0010672D10C218E
:10D600001220FFF7AAFE314600284FF00A0008BF9B
:10D610000024FFF7A2FE442100284FF0100008BFAD
:10D620000024FFF79AFE4C2100284FF0110008BF9C
:10D630000024FFF792FE012200280DF10D014FF0AA
:10D64000100008BF00248DF80D608DF80E608DF875
:10D650000F60FFF79EFE012200280DF10E014FF032
:10D66000110008BF0024FFF794FE012200280DF1ED
:10D670000F014FF0120008BF0024FFF78AFE9DF84B
:10D680000D509DF80E809DF80F902349CDF8009025
:10D69000002843462A46304608BF002401F08AF895
:10D6A0001E49304600F0C0FE3CB1442D05D1B8F112
:10D6B0004C0F02D1B9F10C0F95D01949CDE9008971
:10D6C0002B462246002001F075F8144900201DE089
:10D6D00001211220FFF741FE0E4B044640F2F515E2
:10D6E00043F00108012203A91220FFF752FE07466A
:10D6F00000283FF477AF013DADB2002D7FF477AF46
:10D700000849284601F056F80449284600F08CFEE6
:10D7100068E700BF70170200A61002001B0E02008F
:10D72000C81002008F10020037B5044601460E20D3
:10D73000FFF713FEA8B1002501220DF107010E200D
:10D740008DF80750FFF725FE58B19DF80720944249
:10D7500008D00549284601F02DF80449284600F074
:10D7600063FE002003B030BDFC1002001B0E02005F
:10D770002DE9F043054687B0002800F0818006259A
:10D780004FF001084FF0E109802749465820FFF784
:10D790005FFE414604465B20FFF75AFE29460028FB
:10D7A0004FF05C0008BF0024FFF752FE3946002806
:10D7B0004FF05E0008BF0024FFF74AFE0026B0428B
:10D7C00005A94FF0580008BF34468DF814608DF855
:10D7D00015608DF816608DF81760FFF78BFE0DF160
:10D7E0001501B0424FF05B0008BF3446FFF782FEE0
:10D7F0000DF11601B0424FF05C0008BF3446FFF750
:10D8000079FE0DF11701B0424FF05E0008BF3446BB
:10D81000FFF770FE9DF8173001939DF816309DF8C4
:10D8200014201A490093B0429DF81530304608BFC5
:10D83000344600F0BFFF1649304600F0F5FD9DF874
:10D8400015209DF814309DF817009DF816103CB176
:10D850004B4505D1424503D1A94201D1B84213D06D
:10D86000CDE9011000920B492246002000F0A2FFF2
:10D870000749002000F0D8FD002007B0BDE8F08384
:10D8800080468146074680E70120F6E71A1102002C
:10D890001B0E02004711020013B5002304460DF1D0
:10D8A00007011B208DF80730FFF724FE20B19DF8FB
:10D8B0000730C3F30013237002B010BD37B5002545
:10D8C000442110208DF806508DF80750FFF7C0FD59
:10D8D0004C2104461120FFF7BBFD0DF10601A842C3
:10D8E0004FF0100008BF2C46FFF704FE0DF10701B2
:10D8F000A8424FF0110008BF2C46FFF7FBFD10496E
:10D900009DF807309DF80620A842284608BF2C46FF
:10D9100000F050FF0B49284600F086FD4CB19DF801
:10D920000630442B09D19DF80740A4F14C035C421A
:10D930005C4104F0010003B030BD2C46F9E700BFA4
:10D94000831102001B0E0200F0B585B00546FFF7FB
:10D9500051FD0446002832D022238DF80F300023D9
:10D9600000931E481E4E01230DF10F026A21FEF79F
:10D9700005F930B919480C232A466A21FEF711F936
:10D9800038B3184F1548FB695A1C1CBF0133FB61A3
:10D99000FDF748FF144B00241C7033780133DBB2D1
:10D9A000022B33700BD9114B114901221A702046FA
:10D9B000FA6900F0FFFE0F49204600F035FDFFF741
:10D9C00010FC0C222946222005B0BDE8F040FFF7EC
:10D9D000E0BC3070204605B0F0BD00BF78170200F3
:10D9E000EC2C0020F02C0020EE2C0020ED2C002050
:10D9F000701002001B0E02004FF0A0434FF0805247
:10DA000010B1C3F80C257047C3F808257047000013
:10DA10002DE9F843114E80460C461546002746F086
:10DA20000106B84501D1BDE8F8830120FFF7E4FF06
:10DA3000A1462CB14FF47A40B047B9F10109F9D1B0
:10DA40000020FFF7D9FFA9462DB14FF47A40B04727
:10DA5000B9F10109F9D10137E3E700BF90170200DE
:10DA60004FF0A043D3F810056FEA506000F00100BA
:10DA70007047000008B50020FFF7BEFF4FF0A0433D
:10DA8000044AC3F864274FF080430122C3F80025FD
:10DA9000FEE700BF0C000300064B0022C3F804257C
:10DAA000C3F808250422C3F810250122DA601A60A1
:10DAB000704700BF0090004088B1094B9A8C0AB1B2
:10DAC000824200D99884DA8C82421A8D38BFD88479
:10DAD0000AB918857047801A02EB60121A857047E0
:10DAE000F02C002030B5244C244D236A244989B001
:10DAF00000200793E3690693A36905936369049380
:10DB000023690393E3680293A36801936368009316
:10DB1000236894F8362000F04DFE2946002000F0DE
:10DB200083FCE38D0693A38E0593638E0493238E6B
:10DB30000393A38D0293638D0193E38C0093238D54
:10DB4000A28C1049002000F035FE2946002000F08C
:10DB50006BFCA38F0193638F009394F8383094F893
:10DB600037200949002000F025FE2946002009B091
:10DB7000BDE8304000F058BCF02C00205B090200EA
:10DB8000A1110200F41102003712020002464FF008
:10DB90008043934202D8002013B970479B08F8E7EE
:10DBA000C11891424FEA50009CBFC018521A9B08FE
:10DBB000F2E7000010B50C2200211548154C02F0C8
:10DBC000CBFA0C220021144802F0C6FA0C220021E4
:10DBD000124802F0C1FA0C220021204602F0BCFAE1
:10DBE0004FF4805323600E4B0E4800241C600E4BF4
:10DBF0001C700E4B1C700E4B1C700E4B0C222146E1
:10DC00001C7002F0A9FA0C4B1C800C4B1C7010BD50
:10DC10006C2D0020442D0020602D0020542D00206C
:10DC2000502D0020342D0020432D0020422D0020B7
:10DC3000412D0020402D0020322D0020302D0020CD
:10DC4000014B1870704700BF302D0020014B00229F
:10DC50001A607047502D00202DE9F04F95B0044612
:10DC600002220E46014607A802F0C8FA0222A118B5
:10DC70000DF11E0002F0C2FA211D022208A802F0D6
:10DC8000BDFAA11D022209A802F0B8FAC34D04F1A1
:10DC9000080102220DF1260002F0B0FA04F10A0197
:10DCA00002220AA802F0AAFA2B88BDF82480BDF847
:10DCB0002670BDF828004FF6FF7293421CBF013357
:10DCC0002B804FF49D7318FB03F817FB03F710FB31
:10DCD00003F0B34B0BAA4FEA28283F120012CDF8ED
:10DCE0002C800C970D9002929646002419461A68D3
:10DCF0005EF804CB0134ACEB020C02EB6C12032C8B
:10DD000043F8042BF3D1A74C227892BBD1E90060F1
:10DD1000896880FB0003C6FB0603C1FB01034FF0CB
:10DD2000FF31814272EB0303B8BF0846FFF72EFFB5
:10DD3000A0F6D213002BBCBFC0F51D6302334C2BE1
:10DD400003DD2B88B3F5027F10D3954996480C224A
:10DD500002F054FA2B889549B3F5027F34BF0023B3
:10DD600001230B70924B012222701A7015B0BDE88E
:10DD7000F08F9049BDF91C500A68BDF91E40BDF9ED
:10DD8000203005EB85052D010E9504EB8404AD1ABA
:10DD90004A6824010F9403EB8303A41A8A681B01C9
:10DDA00010939B1A0193844B01221A64D3F84035D7
:10DDB0000493824B1B780393002B42D1DFF8E8C118
:10DDC000019ADCF80030DCE9011B84FB0B9A82FB32
:10DDD000012EB9EB02026AEB0E0EA2FB062912F12C
:10DDE000004206FB0E9949F10009A3EB0902CCF8A9
:10DDF0000020019A82FB039A8BFB052EB9EB0202ED
:10DE00006AEB0E0EA2FB062912F1004206FB0E99E8
:10DE100049F10009A1EB090284FB033ECCF8042080
:10DE200081FB0512CB1A62EB0E0EA3FB063206FB3A
:10DE30000E2213F1004342F10002ABEB0202CCF8D8
:10DE40000820DFF864B1DBF80030A8EB0308DBF84A
:10DE50000430CDF84480FF1ADBF808301297A0EBAD
:10DE60000309039BCDF84C90002B40F0B18087FB59
:10DE70000773C8FB0873C9FB0973B7F5803F73F1DB
:10DE80000003C0F2BA80DFF820A111AB5046002297
:10DE9000016853F8047B013201EBE721032A40F8C3
:10DEA000041BF5D1DBE90018DBF80870039188FB4F
:10DEB0000803C1FB0103C7FB0703002BC8BF4FF0DA
:10DEC000FF30FFF763FE021E039900F3A4803A4A75
:10DED000DFF8ECB001201064D2F8403504995B1AE9
:10DEE000BBF830109BB289B29942C0F0B280106486
:10DEF0003449D2F84035039300278846029A0868CF
:10DF000052F8043B02925AF8042B9B1A1B1A013751
:10DF100000EB6310032F41F8040BEFD1D8E9007335
:10DF2000D8F8080083FB0331C7FB0731C0FB003181
:10DF300041F22970834271F10000234880F28C8005
:10DF40000778FF2F01D0013707700078DFF8609065
:10DF5000DFF868A0072894BF0027012789F8007020
:10DF60009AF80070002F79D0134901240C64D1F87D
:10DF70004035039ABBF832009B1A9BB280B298429C
:10DF8000C0F097800C649AF80030D1F840750F4CBF
:10DF9000002B00F0918000232360B3E0322D00209D
:10DFA000602D0020412D00206C2D0020402D0020F0
:10DFB000422D0020342D002000900040302D002004
:10DFC000F02C0020542D0020432D0020502D002047
:10DFD000284601F0B5FF44F2073A50453FF753AFEA
:10DFE000204601F0ADFF50453FF74DAF019801F0DD
:10DFF000A7FF50457FF73BAF45E74B4A11A80023E9
:10E00000116850F8047B013301EB6711032B42F8D0
:10E01000041BF5D137E740F6D219D31781FB09016C
:10E020000592039302F098FADFF8FCB0059A039B7F
:10E03000CBF8000088FB090102F08EFA059ACBF8B4
:10E040000400039B87FB090102F086FACBF8080065
:10E050003DE7ABF830304AE7002775E7072883D95A
:10E0600041F22970834271F10001BFF67DAF28466D
:10E0700001F066FF41F25765A8423FF775AF2046B1
:10E0800001F05EFFA8423FF76FAF019801F058FF23
:10E09000A8423FF769AF25490EAC0B6854F8040B52
:10E0A0000137C01A03EBA013032F41F8043BF4D14E
:10E0B0005AE7ABF8323065E799F8003021685BB178
:10E0C0004B1102D10B1E18BF0123C91AB1F57A6F8B
:10E0D00014DD4FF47A635FE71548D8E900234568FB
:10E0E0006B430568806805FB0233D8F8082000FB05
:10E0F00002331B13734301EB2341E7E711F57A6FFA
:10E100000FDB21600B4B01221A64D3F84035BBF8BA
:10E110003420DB1B9BB292B29A4238BFABF834304A
:10E1200024E6054B38E700BF6C2D0020342D00207D
:10E13000442D00200090004060F0FFFF034B186862
:10E140004FF47A7358430012704700BF502D0020DF
:10E15000024B187880F00100704700BF422D00206C
:10E16000084B1878084B1B7840425B4203F00403CD
:10E1700000F010001843054B1B7801331843C0B260
:10E18000704700BF402D0020412D0020422D00206F
:10E190000378022B02BF024B01221A70704700BFA6
:10E1A000792D00207FB5144C1449206800906846F2
:10E1B000FDF774F80246E8B96068A16801AB03C3D3
:10E1C000217B1970104601A9FDF7B0F890B90C4CED
:10E1D0002070FDF775F968B90A4EC82546F00106AA
:10E1E000237823B94FF44860B047013DF8D1064B7E
:10E1F00022781A7004B070BDA617020091E10100E8
:10E20000792D0020A0170200782D0020F8B5194BB9
:10E210001B780BB90020F8BD0024174F04262546B3
:10E2200015490020FDF7E0F8A0B10134013EF7D117
:10E23000B4B9002DEED0A4EB04344FF4616304F5BF
:10E240007F5403FB05F03C3490FBF4F080F31000A6
:10E2500080B2E0E7B7F90030002BC8BFED18E5E762
:10E26000064A136A591C1CBF1B191362042CE0D107
:10E27000D0E700BF782D00207A2D0020F02C002060
:10E28000013880B240F65E1398428CBF0020012016
:10E2900070470369C26893429CBF81685B18013B69
:10E2A000981A70472DE9F041D0E902840546A8EBA1
:10E2B00004064068964220440F46144404D901F0F5
:10E2C0009DFFEC60BDE8F0813246A4EB080401F04C
:10E2D00095FF68682246B919F1E72DE9F843C5684A
:10E2E0000646894617464FF000083369B4687068DF
:10E2F0009D4228BF1B19641BBC4203F1FF3328BF9A
:10E300003C465B1B9C4228BF1C464946284422468B
:10E3100001F074FFB3682544AB4208BF00253F1BE2
:10E32000A044A144F560E0D14046BDE8F883000078
:10E3300010B5114C114AA2610223C4E90433104BF9
:10E34000E361A2644FF400730E4A0F492362E26452
:10E3500000231022E01DA3626362E362A36563658C
:10E36000E365226501F0F0FD0849204601F0ECFD6F
:10E370002023A37110BD00BF8C2F0020601202006B
:10E380008C2D00207C2D0020691202006D120200ED
:10E39000F8B5144B182700FB07751D4407FB003325
:10E3A0000E46DB6A012B14460AD0022B14D023B987
:10E3B0002846FFF76EFF844208D900242046F8BDA6
:10E3C0002846FFF766FF844228BF044622463146AE
:10E3D0002846FFF767FFF1E72846BDE8F840FFF75A
:10E3E0007CBF00BF8C2F002073B50E4B1B780446FA
:10E3F0000D4616460BB9FFF79BFF00230DF10700F2
:10E400008DF80730FBF7C8FD324629462046FFF756
:10E41000BFFF04469DF80700FBF7E2FD204602B06F
:10E4200070BD00BF8C2F002038B5054608460C464D
:10E4300001F026FE214602462846BDE83840FFF797
:10E44000D3BF10B5826804464068531C834205D888
:10E4500020688154A360E3680133E360D4E90132AA
:10E460009A420BD121682069FFF7BEFFA36898424A
:10E4700015BF4FF0FF330023E360A36010BD000021
:10E480002DE9F84F9946DDE90A43164605468846C8
:10E490000A464FF0010AB24212D2CA4538BFCA46F4
:10E4A00013F0010B01D184B90024EB68002B3DDB94
:10E4B0000127B9F1010F1FD909F1FF397743F8E7B7
:10E4C0000AF1010AB2FBF6F2E5E79B0712D5B9F1B2
:10E4D000000F0CBF30272027A245E6D23946284638
:10E4E000FFF7AFFFEB68002B04F1FF34DDDB002CFE
:10E4F000F2D1D9E72027EFE7B8FBF7F39E42DDD949
:10E50000DFF84890B8FBF7F3284619F8031007FB2B
:10E510001388FFF796FFEB68002B03DBB7FBF6F3DE
:10E52000B74205D2BBF1000F00D064B9BDE8F88F47
:10E530001F46E7E720212846FFF783FFEB68002B03
:10E5400004F1FF34F2DB5445F4D8EFE7B3170200CF
:10E550002DE9F04F00239BB00E464021CDE9061374
:10E56000CDE908300DF1280A03901546CDF814A026
:10E5700016F8011B39B9089D002D00F31081089889
:10E580001BB0BDE8F08F252940F0BA804FF0000B9A
:10E59000314611F8013B2D2B18D012D8232B1CD05B
:10E5A0002B2B17D00024314611F8013BA3F130008A
:10E5B000092815D80A2202FB0433A3F130040E46C1
:10E5C000F1E7302BEED14BF0020B01E04BF0010BE9
:10E5D0000E46DDE74BF0040BFAE74BF0080BF7E7CC
:10E5E0002E2B11D10E464FF000090A27304610F8A5
:10E5F000011BA1F1300CBCF1090F07D807FB091171
:10E60000A1F130090646F1E74FF00009304610F855
:10E61000011B01F0FB07682F0646F8D0782909D8BE
:10E620006F290BD8632967D020D8252968D05829AD
:10E6300000F09580089B002B9ADA9CE77039082936
:10E64000F8D801A050F821F08FE7010035E601006D
:10E6500035E601006FE7010035E601004DE70100F6
:10E6600035E6010035E601005FE701006429E1D1EC
:10E670002968081D28600F6887EAE771A1EBE77138
:10E680004FF001080A2009293EDCC84538BFC846BA
:10E690002CB1002F02DB1BF0040F00D0013C1BF05B
:10E6A000020F02D0B9F1000F04D01BF0010F01D10D
:10E6B0007CBB002408990029BCDB002F35DA7F429F
:10E6C0002D2105A8FFF7BDFE08990029B2DB0BF04C
:10E6D0000301022904D1B9F1000F01D154BB002478
:10E6E00008990029A6DBCDE9004B4B460A223946A2
:10E6F00005A8FFF7C5FE9DE72B681A1D2A6019784B
:10E7000005A8FFF79EFE95E708F10108B1FBF0F1BF
:10E71000B9E7A045CED2202105A8FFF792FE0899BF
:10E72000002904F1FF34C3DAC4E71BF0040FCED094
:10E730002B21C6E7A045D3D2302105A8FFF781FEE3
:10E740000899002904F1FF34C8DAC9E72968081DCF
:10E750002860CDE9004B4B460A220968C8E72968C2
:10E76000081D2860CDE9004B4B461022F5E72B68C9
:10E770001A1D2A601C6814F8011B00293FF45AAFC7
:10E7800005A8FFF75EFE089B002BF4DA52E7296824
:10E790000B1D2B6000220823CDE90032E5E7079C22
:10E7A00024B1039822465146FFF71EFE2C440894DC
:10E7B000E5E600BF0EB403B503AB01AA53F8041B92
:10E7C0000193FFF7C5FE02B05DF804EB03B070479C
:10E7D0006DDF704779DF70477DDF704764DF70471A
:10E7E0002DE9F04F85B000260E9CBDF83CB0B4F882
:10E7F00000A00191074690461D46B1463A884A4519
:10E8000005DC002E37D1002005B0BDE8F08F7A6816
:10E8100052F82900039000220DF10B0103A8FFF725
:10E82000DDFF0028F0D19DF80B20424520D1228841
:10E8300086F0010002EB080101EB4001594524DCA0
:10E840003EB9013292B2019B2280AB542288013240
:10E85000228022880DF10B012A4403A8FFF7BEFF96
:10E860000028D1D121889DF80B200A44228001265E
:10E8700009F10109C2E72388013BA3EB0A039BB21C
:10E88000FF2B02D805F80A30BDE70C20BCE72DE9C4
:10E89000F341089FBDF824801546CDE90078022297
:10E8A00004461E46FFF79CFF50B933461022294606
:10E8B0002046CDE9087802B0BDE8F041FFF790BFEF
:10E8C00002B0BDE8F0812DE9F04F0023B2F80080DE
:10E8D000138090F82D3085B007460D46144663B37B
:10E8E000B8F1080F40F2AB8102A8FFF771FF0646AE
:10E8F000002840F0DD8023880822EA542388013371
:10E900009BB21B222380EA542088013080B22080F1
:10E9100006220DF10901284401F070FC23889DF8BE
:10E92000082006339BB2012A88BF0122238094BFAE
:10E93000EE54EA54238801332380BB780BB3238839
:10E940000433434500F27B8102A8FFF743FF0646EC
:10E95000002840F0AD8023880322EA542388013345
:10E960009BB219222380EA542388BDF80820013382
:10E970009BB2E9182380EA54120A4A7023880233B2
:10E980002380FA78A2B12388D91C414500F257812F
:10E990000221E954238801339BB201212380E954E9
:10E9A00023880B449BB22380EA5423880B442380A2
:10E9B0007B68B3B193F900202388D91C414500F24C
:10E9C0003E810221E954238801339BB20A2123802E
:10E9D000E954238801339BB22380EA54238801330E
:10E9E00023803B89002B57D13B8A5BB1CDE900489E
:10E9F0002B460722032107F11000FFF748FF0646C8
:10EA0000002855D13B8B5BB1CDE900482B46152240
:10EA1000142107F11800FFF73AFF0646002847D1F6
:10EA20003A6A002A48D17E6A66B3B3882188981C66
:10EA30008A1C0244424500F20281FE2800F2FF8057
:10EA400003336B54238801339BB2FF222380EA54A3
:10EA5000238801339BB223803288EA54E918120AD2
:10EA60004A702088023080B22080B28852B1B168EA
:10EA7000002900F0E680284401F0C0FB2388B2881A
:10EA80001344238097F82C30002B58D13B78002B6F
:10EA900040F0918000260BE0CDE900482B4606228D
:10EAA000022107F10800FFF7F2FE064600289BD07E
:10EAB000304605B0BDE8F08F2688B31D434500F20F
:10EAC000BE801188052940F2BC806FF4486C01EBD0
:10EAD0000C039BB24FF27D3C634540F2B2805388F9
:10EAE000052B40F2AE806FF44860181880B2604584
:10EAF00040F2A7804FF6FF70814202D0994200F2A7
:10EB0000A0800523AB55238801339BB212212380BB
:10EB1000E954238801339BB223801188E954E81813
:10EB2000090A4170238802339BB223805288EA5439
:10EB3000E918120A4A7023880233238073E7BB6AFC
:10EB4000002B7ED04FF000094FF00C0A4FF0160B4F
:10EB500097F82C305FFA89F2934297D9B96A0AFB89
:10EB600002F28E18B388981CFE2868D820880333D8
:10EB70002B54238801339BB2238005F803B02388EC
:10EB800001339BB223808A5AEA54E918120A4A7068
:10EB90002088023080B22080B2884AB1B168002952
:10EBA0004FD0284401F02AFB2388B28813442380E5
:10EBB00009F10109CCE73A88012A42D02288901C49
:10EBC00040453CD8012B04D17B780233134498454F
:10EBD00035D3A8F10208A8EB02081FFA88F802A9A9
:10EBE0002844ADF80880FFF7F7FD064600287FF4BB
:10EBF0005FAF3A78BDF80830022A1CD07978994284
:10EC000001D3434519D9012A02D1884528BF884636
:10EC1000ADF808800821BDF80830FE2B0FD82288F7
:10EC20000133AB542288013292B22280A954228847
:10EC3000134423802EE74345EAD80921EBE70C264D
:10EC400036E7072634E770B5C8B1F2B10024651C79
:10EC50008D4206DA1688A64212D8061976789E42A8
:10EC60000ED1A14211D9005D48B1013880B230B156
:10EC70000234A3B210FA84F4A14206DB138070BD03
:10EC8000045D14FA85F5ACB2E1E70020F7E713B5AF
:10EC900013460022ADF806200DF106020446FFF7E8
:10ECA000D2FF10B1BDF80600204402B010BD72DFE3
:10ECB000704773DF704738B5012204460D46B0F83F
:10ECC000D810D0F8D400FFF7E2FF00B1057004F1CE
:10ECD0003C0204F1D40104F15400BDE83840FFF7D0
:10ECE000E6BF80F830107047F8B504460F4600299B
:10ECF00068D0002866D091F87A301BB191F898302E
:10ED0000002B61D1D7F8A030042B5DD0D7F89C3010
:10ED1000042B59D04FF0000C84F802C007F178069C
:10ED20000FCE251D0FC50FCE0FC596E8070085E84D
:10ED3000070084F830C0D7F8A4306363D7F8A83050
:10ED4000A3634FF6FF7504F1D403C4F8E430A4F8CC
:10ED5000E8500722614604F1EA0001F0FDF923784A
:10ED60000BB984F85450224604F155011F25C4F80C
:10ED7000D410384622F8D85FFFF7A5FD08BB22461D
:10ED800004F19301C4F8DC1007F13C0022F8E05FC5
:10ED9000FFF799FDA8B9A369A4F848304FF4807330
:10EDA0000125A4F8503063692064014684F83C5082
:10EDB000636404F13C0204F15400FFF778FF00B9EA
:10EDC0002570F8BD0E20FCE70720FAE7F8B50778B4
:10EDD00004460D46002F00F0F58000F1EA06817030
:10EDE00007220021304601F0B7F9E38813B1A37878
:10EDF000012B04D0E3794BB1A378022B06D1636BCE
:10EE0000A3B1012284F8F12008209847334604F189
:10EE1000F00113F8012F12B98B42FAD117466B1E7D
:10EE2000032B4FD8DFE803F0050B0F1284F8F13005
:10EE3000ECE7A3791BB194F8243003B94FB9E37917
:10EE40000BB1002F40D1237A002B3FD1657AAD0062
:10EE5000EDB2636BA570002B3AD0033D012D37D87E
:10EE60006279AAB394F8F22092BB84F8F4200122CC
:10EE700084F8F3200720984704F13C05182200216C
:10EE8000284601F069F9E36A591E0122022928BFC8
:10EE9000134684F8513094F8243084F83C2033B180
:10EEA000A36A591E022928BF134684F85230A2785B
:10EEB000002384F85030042A1BD8DFE802F06B0DE1
:10EEC000223250000025C4E70225C2E70325C0E72F
:10EED000002384F8F330CFE7C4E91063C4F8E430CA
:10EEE0000223012284F83C30802384F83120A4F8E6
:10EEF0004830A378002B50D1636B002B5ED10020EB
:10EF00005BE0022384F83130032384F83C3023692A
:10EF1000A4F848300023C4F8E430E368266463644E
:10EF2000E7E763696364A369A4F8483063797BB158
:10EF300094F8F23063B994F8F4304BB1022384F8BA
:10EF4000503004212046FFF7B6FE0028D1D105221B
:10EF500004F1D40384F83120C4F8E430C9E7E3694C
:10EF60006364236AA4F848306379002BF0D094F8E6
:10EF7000F230002BECD194F8F430002BE8D00223CF
:10EF800084F8503004212046FFF795FE0028B0D1C8
:10EF90000622DDE784F83130ABE7D4F8E4102A46E6
:10EFA00004F15400FFF783FE38B994F8301094F858
:10EFB0005400FFF77EFE00289ED0F8BD94F8310083
:10EFC00098479CE70820F8E710B50388112B0C46FA
:10EFD0000AD0262B1FD0102B05D1C27B8388012A93
:10EFE00001D1A1F8E83010BD002381F8F230828809
:10EFF000B1F8E8309A42F6D10B79002BF3D1012118
:10F000002046FFF7E3FE0028EDD0A36B002BEAD0EB
:10F01000BDE810401847037A013B012BE3D88978FB
:10F0200005230131B1FBF3F303EB8303C91AC9B222
:10F03000E6E775DF704776DF70477ADF70477BDF82
:10F0400070470000034B1A8882420CBF184600200C
:10F05000704700BF28300020024B9B6903B118475E
:10F06000704700BF0C30002073B585B22846FFF70B
:10F07000E9FF044668B1174E027A337B9A4211D2F7
:10F0800000F10A012846FFF7D4FF20B9237A0133A3
:10F09000237202B070BD1128FBD002B0BDE87040F1
:10F0A000FFF7DABF00230372337C43B13B212846CC
:10F0B000FFF7C1FF30F0080301D0FFF7CDFF736900
:10F0C000002BE6D000228DF80420ADF8065001A8F0
:10F0D0009847DEE70C30002013B50B46497A02460C
:10F0E0000E4871B9D0E90141187A002808BF2146BD
:10F0F0005868FAF719FE78B102B0BDE81040FFF782
:10F10000ABBF00211972436933B101218DF804109E
:10F11000ADF8062001A8984702B010BD0C300020C1
:10F120004B8802889A4212D842889A420FD380882C
:10F130008B8840F2F311884294BF021A421A9A4215
:10F1400005D80844984234BF0020012070470020B1
:10F150007047000070B50388122B014659D004D8BF
:10F16000102B1ED0112B44D070BD502BFCD12F4B37
:10F17000C288DB899A42F7D1038A022BF4D18688B0
:10F180003046FFF75FFF05460028EDD001F1120081
:10F1900000F08FF938BB6868FAF7F4FD0028E3D077
:10F1A0000AE0C37B8688012BDED14FF6FF70FFF7A4
:10F1B00049FF054620B90420BDE87040FFF74CBF69
:10F1C0001B4A0680002303721368C0F80A30536894
:10F1D000C0F80E3010310A30FFF7A2FF134B6872EF
:10F1E000DB89002BC0D129463046BDE87040FFF7CF
:10F1F00073BF8088FFF726FF04460028B4D040681C
:10F20000FAF7C0FD08B1FFF727FF4FF6FF73238021
:10F21000AAE786883046FFF715FF05460028A3D0E9
:10F2200008310A30FFF77CFF6872DCE70C30002001
:10F2300004300020F8B5064648B305460FCD154FFB
:10F240003C460FC495E8070084E807003068124C7C
:10F250003C60B0B1FFF7F1FE90B9326813682360EB
:10F26000536863600D480E4A4FF6FF7303800D4BE1
:10F2700040F8043F0021FAF745FD002818BF03209D
:10F28000F8BD2046FFF7DBFE0028EBD0F8E70E20A4
:10F29000F6E700BF0C3000200430002028300020AA
:10F2A00069F001004030002070B50646FFF7CAFE45
:10F2B0000B4B0C46002908BF1C46054668B1214689
:10F2C0003046FFF7B6FE38B901232B812368C5F815
:10F2D0000A306368C5F80E3070BD43F20200FBE7E8
:10F2E000043000200AB1FBF765B8FBF76CB873B5C2
:10F2F0000191019C06466CB100252C46294601A8C7
:10F30000FBF76BF818B106EB440301349D8001351F
:10F31000142DF3D13046346002B070BD2DE9F043B6
:10F3200003888488103B8DB00A2B1ED8DFE803F0D9
:10F3300006361D1D1D1D1D1D1D5B3D002E4FBB688E
:10F34000DB43009379686846FBF773F8009901A8DE
:10F35000FFF7CDFF0DF106080026019B9E4207D363
:10F36000132C12D90420FAF7F3FB0DB0BDE8F0839B
:10F3700038F8029F00250135494607EB8500FBF769
:10F3800022F81E2DF7D10136E7E721461B48FBF78F
:10F3900011F81B482146FBF70DF8E6E71748214610
:10F3A0000DB0BDE8F043FBF70EB8027A15483F2ACE
:10F3B0004FEA1215214694BF00220122FFF792FF67
:10F3C000022D94BF002201220F482146FFF78AFF39
:10F3D000012D0E4894BF0022012221460DB0BDE848
:10F3E000F043FFF77FBF037A002BBED1427A054876
:10F3F000C2F3C0022146F1E76030002068300020EF
:10F4000064300020783000207430002070300020FC
:10F410001328014602D80248FAF7DFBF00207047E0
:10F420006430002010B50446FFF7F2FF002814BF37
:10F430002046142010BD70B50546164608460AB988
:10F440000E2070BD00231360002DF9D02B68002B17
:10F45000F6D0EB8813F003040ED1FFF7E3FFC0B240
:10F4600014280BD02B7983420AD9EA882B6800FB39
:10F47000023333602046E4E70720E2E70520E0E7B7
:10F480000420DEE7AADF7047002301380B70042850
:10F4900006D8DFE800F00306080A0C0011230B7001
:10F4A00070472123FBE73123F9E71223F7E72223F3
:10F4B000F5E7008800F001007047F0B58B7891B057
:10F4C000012B0C4638BF01238DF80E3005460B8802
:10F4D000ADF80C30002116466846032200F03CFED1
:10F4E000607C6946FFF7D0FFA07C0DF10101FFF7BA
:10F4F000CBFF227D237B013202F0030243EA420369
:10F50000E27B43EAC203227C43EA02139DF8022015
:10F5100003F01F0322F01F02134300211C2209A83D
:10F520008DF8023000F018FE637B13F0300F15D019
:10F5300002AF03220021384600F00EFEE07C0DF100
:10F540000901FFF7A1FF11238DF808309DF80A305B
:10F550000E97012262F342038DF80A30637B8DF827
:10F5600024301422A37B8DF82530002104A800F05C
:10F57000F3FD03AB0493A388ADF81C30A368CDF86A
:10F5800014D01BB1E288ADF818200893A36973B3B7
:10F5900001AF03220021384600F0DEFDA269138886
:10F5A000ADF82C305388ADF82E3053680D97107B92
:10F5B0000A933946FFF768FF0DF10501507BFFF70D
:10F5C00063FF937B117A013303F0030341EA4301A4
:10F5D000937A41EAC301D37A41EA03119DF80630D8
:10F5E00001F01F0123F01F0319438DF80610E36992
:10F5F00003B10C93334604AA09A92846FFF742FF3A
:10F6000011B0F0BDA5DF7047B5DF704758B14FF0BE
:10F61000F7130360FB230371F723C3801723C16033
:10F620008360002070470E207047000013B503462A
:10F6300080880C4690B91A883A2A65D010D8102ACA
:10F640003AD0112A5BD0A37A43B1E1880020FFF7BA
:10F65000D9FF002870D14FF48073638102B010BDD0
:10F66000552AF0D1DB88C988A072172B38BF172321
:10F670008B4228BF0B462381FFF7C6FF60B1FBF723
:10F680002BFA3649364B5B1ADB081B040246354918
:10F6900043F00100FAF72CF9E37A002BD3D1E368A9
:10F6A000002BD0D040F6772200922289ADF80420BA
:10F6B000694620469847C6E7DB7B012B04BF0B88D1
:10F6C000CB80C98823898B42BDD20020FFF79AFFE7
:10F6D00010B90123E372B6E7112802D10123A37206
:10F6E000B1E7FBF7F9F91D491D4B5B1ADB081B0459
:10F6F00002461D4943F00100FAF7FAF8A3E7F723A1
:10F70000CB8017238B609EE75B89CA88934228BF12
:10F710001346172BCA6838BF17230B814AB1C97A21
:10F7200039B140F677210091ADF8043069462046A2
:10F7300090470023638186E711288FD0FBF7CCF92F
:10F740000649074B5B1ADB081B040749024643F0D6
:10F75000010002B0BDE81040FAF7CAB8F019020083
:10F76000581A0200A512020074120200B0DF70479E
:10F7700066DF704710B5002104464088FFF7F8FFA8
:10F78000034608B9237210BD112801D10123F9E7FE
:10F790006368BDE81040184760B159B10378DE2BAB
:10F7A0000AD00B684360DE2303704FF6FF7343807B
:10F7B000002070470E2070470820704728B103785A
:10F7C000DE2B04D14180002070470E2070470820B6
:10F7D0007047F0B5054685B00C46002942D0002898
:10F7E00040D00B78DE2B3DD182884B889A4204D1E1
:10F7F0000B7A13B10846FFF7BDFF2B88112B33D0CE
:10F80000512B0FD0012B2DD12B7AAA88012B29D176
:10F810006188914226D12046237205B0BDE8F040B0
:10F82000FFF7A8BFAB8866889E421BD1AF79022F35
:10F8300018D1AD7B2B1F022B14D800211022684653
:10F8400000F08AFC052D14BF4FF4C07300236946F5
:10F8500030468DF80070ADF80430FFF787FF08B12F
:10F860006368984705B0F0BD6388AA889A4204BFD0
:10F870004FF6FF736380F5E7A8DF7047ADDF704791
:10F88000AEDF704762DF704770B505468AB00C4640
:10F89000002962D0002860D00388502B37D0572B26
:10F8A00070D0102B59D181886069002601AA019679
:10F8B000FFF7C1FD082231460DEB020000F04CFCC1
:10F8C00002232189A888CDF80CD002AA0293FFF761
:10F8D000D5FF002841D1A369002B3ED00398FFF744
:10F8E000E8FD002839D0019B0BB101221A701822C3
:10F8F000002104A800F030FC02238DF81030AB8802
:10F90000ADF81830019B05940793A36923E0818823
:10F91000606902AAFFF78FFD1822002104A800F0F9
:10F920001BFCAB882189ADF81830EB88029A05944E
:10F930009942079216D12E8A022E13D16AB105F18F
:10F940001200FFF7B6FD029B48B101221A70A369AD
:10F950008DF810600BB104A898470AB070BD1870FC
:10F960000326F4E7A2899A42F7D1A369002BF4D0C9
:10F9700000228DF8102005F1120208922A8AADF8B3
:10F980002420E8E78188606902AAFFF754FD014658
:10F990000028E2D1029B1B78002BDED0A369002B4C
:10F9A000DBD0182204A800F0D7FB01238DF810301B
:10F9B000AB88ADF818300594029BA5E7F0B53A4B3B
:10F9C0008FB002AD04460A4603F1100C2F461868AA
:10F9D00059682E4603C6083363453546F7D1002CD7
:10F9E0005FD0002A5DD01368A36121463846FFF737
:10F9F00049FF002853D12246012512F8023B8DF819
:10FA0000063001A92846ADF80450FFF735FF00285D
:10FA100045D10146202206A800F09EFB2246022383
:10FA2000ADF8183012F80C3B8DF81A30BDF82430C0
:10FA30001E4E6088079623F44F6323F00F0343F4B0
:10FA400040632B4306A9ADF824308DF829508DF87A
:10FA50002A50FFF732FD10BB0146202206A800F015
:10FA60007BFB22460323ADF8183012F8043B8DF8D7
:10FA70001A30BDF824306088079623F4875323F0AA
:10FA80001F0343F480532B43ADF8243006A940F202
:10FA900001138DF82950ADF82A30FFF70EFD0FB095
:10FAA000F0BD0E20FBE700BFC3170200F400010009
:10FAB000F0B50F4687B016461C46054618B3406998
:10FAC00001AA1946FFF7B7FCD8B94FF6FF739C425D
:10FAD0001BD0019BCBB11B78CBB13388F42B18D84A
:10FAE0000146102202A800F037FBAB88ADF80830C1
:10FAF00002A901232046CDE904678DF80A30FFF7FB
:10FB0000BFFE07B0F0BD0E20FBE70520F9E7082097
:10FB1000F7E70720F5E710DF7047000013B504464C
:10FB200009496846FAF783FF019808B902B010BD89
:10FB3000D0E900312046984718B16846FAF780FFAF
:10FB4000F2E71120F2E700BFEC17020013B50446FC
:10FB500007496846FAF76BFF019B0BB902B010BD6D
:10FB60002046D3E9002190476846FAF769FFF3E79A
:10FB7000E01702000B4991F81623EC2352091341B8
:10FB8000DB0706D5084B9A683AB94FF480030B603F
:10FB9000704742F20200F9F7DBBF1A6842F48002B4
:10FBA0001A60704700E100E038290020F7B5194FCE
:10FBB0003C7864BB184E012520463570FFF7AEFF38
:10FBC000112821D02046FFF7C1FF144B8DF80340C8
:10FBD000186801900DF10300FAF7DEF9104901A849
:10FBE000FFF799FF0446B0FA80F0400938709DF89D
:10FBF0000300FAF7F5F93CB90A4B34701C70FFF7B3
:10FC0000B9FF2846FFF7A2FF204603B0F0BD082445
:10FC1000FAE700BFDE300020DC300020F8170200D9
:10FC200011C80100DD300020014B1878704700BF7B
:10FC3000DE30002007B508496846FAF7F8FE019B58
:10FC400013B903B05DF804FBD3E900209047684680
:10FC5000FAF7F6FEF3E700BFD4170200FFF7EABF9A
:10FC600060DF704769DF704761DF704730B5134D63
:10FC7000ADF5017D4FF4FA740DF1020103A8ADF862
:10FC80000240FFF7F1FF70B9294601A8FAF7CFFE4D
:10FC9000029B002BF0D003A8D3E90021904701A8D4
:10FCA000FAF7CEFEF4E7052805D00DF5017DBDE895
:10FCB0003040F9F74DBF0DF5017D30BDFC17020056
:10FCC000024B1B780BB1FFF7D1BF7047DF3000202C
:10FCD00030B5054685B00C46002900F0B180594B7F
:10FCE0000B600C22002101A800F036FA01238DF8E8
:10FCF000063022688DF80450062301A92020ADF8B3
:10FD00000830FFF7AFFF60B1FAF7E6FE4E494F4B00
:10FD10005B1ADB081B0402464D4943F00100F9F76A
:10FD2000E7FD0C22002101A800F016FA0123226849
:10FD30008DF8053001A94020FFF794FF60B1FAF774
:10FD4000CBFE4149414B5B1ADB081B04024641498B
:10FD500043F00100F9F7CCFD0C22002101A800F0CE
:10FD6000FBF9F72322688DF8045001A92320ADF890
:10FD70000630FFF777FF60B1FAF7AEFE3249334B3A
:10FD80005B1ADB081B040246334943F00100F9F714
:10FD9000AFFD0C22002101A800F0DEF9012022684D
:10FDA0008DF8040001A9FFF75DFF60B1FAF794FE3A
:10FDB0002549264B5B1ADB081B040246274943F002
:10FDC0000100F9F795FD0C22002101A800F0C4F90B
:10FDD0004FF4B0632268019301A9A120FFF742FF0D
:10FDE00060B1FAF779FE1849184B5B1ADB081B045F
:10FDF00002461B4943F00100F9F77AFD0C2200216D
:10FE000001A800F0A9F99DF80430226823F001034D
:10FE100001A9A0208DF80430FFF724FF10B90020BD
:10FE200005B030BDFAF758FE0749084B5B1ADB08EE
:10FE30001B0402460B4943F00100F9F759FDEEE7B8
:10FE40000E20EDE7C8220020F0190200681A020017
:10FE5000F11202003713020083130200CA130200DA
:10FE60001614020067140200F8B506460768FFF78B
:10FE7000F7FE3368BB4205461DD9194B194C1A4988
:10FE8000E41AE408240444F002042046F9F72CFDA7
:10FE9000336816493A462046F9F733FD4FF0805350
:10FEA0003268D3F80C3112499B0203F100539A1ABD
:10FEB0002046F9F71DFD25B90E4B01221A70284680
:10FEC000F8BD2846FAF708FE0549064B5B1ADB0821
:10FED0001B040246084943F00100F9F709FDEEE76B
:10FEE000F0190200681A0200BA140200E9140200B4
:10FEF0001A150200DF300020441502004BDF704766
:10FF00001FB50E4C01A8FFF7F9FF70B9214602A8F2
:10FF1000FAF78DFD039B002BF4D00198D3E9002163
:10FF2000904702A8FAF78CFDF4E7052804D004B046
:10FF3000BDE81040F9F70CBE04B010BD081802006F
:10FF40000028B8BF4042704780EA0102844612F0A0
:10FF5000030F4FD111F0030F32D14DF8044D11F0C2
:10FF6000040F51F8043B0BD0A3F101329A4312F075
:10FF7000803F04BF4CF8043B51F8043B16D100BF4E
:10FF800051F8044BA3F101329A4312F0803FA4F1DF
:10FF900001320BD14CF8043BA24312F0803F04BF66
:10FFA00051F8043B4CF8044BEAD023460CF8013BD3
:10FFB00013F0FF0F4FEA3323F8D15DF8044B70477D
:10FFC00011F0010F06D011F8012B0CF8012B002ABB
:10FFD00008BF704711F0020FBFD031F8022B12F0AA
:10FFE000FF0F16BF2CF8022B8CF8002012F47F4F65
:10FFF000B3D1704711F8012B0CF8012B002AF9D16D
:020000022000DC
:10000000704700BF70B50F4B0F4DAB42A3EB050619
:1000100007D0B610002455F8043B01349847A64297
:10002000F9D800F061FC094D094B5E1BAB424FEA69
:10003000A60606D0002455F8043B01349847A64292
:10004000F9D870BD582300205823002058230020E1
:100050005C23002000000000000000000000000001
:100060000000000000000000000000000000000090
:100070000000000000000000000000000000000080
:1000800030B490F800F020F007016FF0000C10F091
:10009000070491F820F040F048804FF000046FF022
:1000A0000700D1E9002391F840F000F1080082FA3E
:1000B0004CF2A4FA8CF283FA4CF3A2FA8CF34BBB09
:1000C000D1E9022382FA4CF200F10800A4FA8CF282
:1000D00083FA4CF3A2FA8CF3E3B9D1E9042382FA50
:1000E0004CF200F10800A4FA8CF283FA4CF3A2FA65
:1000F0008CF37BB9D1E9062301F1200182FA4CF29D
:1001000000F10800A4FA8CF283FA4CF3A2FA8CF303
:10011000002BC6D0002A04BF04301A4612BAB2FA25
:1001200082F200EBD20030BC7047D1E9002304F02A
:100130000305C4F100004FEAC50514F0040F91F85F
:1001400040F00CFA05F562EA05021CBF63EA0503FC
:1001500062464FF00004AAE7830730B547D0541E2B
:10016000002A3ED0CAB2034601E0013C39D303F86D
:10017000012B9D07F9D1032C2CD9CDB205EB052518
:100180000F2C05EB054535D9A4F1100222F00F0C18
:1001900003F1100EE6444FEA121C1A46C2E900555C
:1001A000C2E9025510327245F8D10CF1010214F087
:1001B0000C0F03EB021204F00F0C13D0ACF104038C
:1001C00023F003030433134442F8045B9342FBD14E
:1001D0000CF003042CB1C9B21C4403F8011BA34268
:1001E000FBD130BD64461346002CF4D1F9E7034639
:1001F0001446C0E71A46A446E0E700BF844641EA39
:10020000000313F003036DD1403A41D351F8043B8E
:1002100040F8043B51F8043B40F8043B51F8043BE0
:1002200040F8043B51F8043B40F8043B51F8043BD0
:1002300040F8043B51F8043B40F8043B51F8043BC0
:1002400040F8043B51F8043B40F8043B51F8043BB0
:1002500040F8043B51F8043B40F8043B51F8043BA0
:1002600040F8043B51F8043B40F8043B51F8043B90
:1002700040F8043B51F8043B40F8043B51F8043B80
:1002800040F8043B51F8043B40F8043B403ABDD2EF
:10029000303211D351F8043B40F8043B51F8043B91
:1002A00040F8043B51F8043B40F8043B51F8043B50
:1002B00040F8043B103AEDD20C3205D351F8043B20
:1002C00040F8043B043AF9D2043208D0D2071CBFEC
:1002D00011F8013B00F8013B01D30B880380604615
:1002E000704700BF082A13D38B078DD010F003038B
:1002F0008AD0C3F10403D21ADB071CBF11F8013BFB
:1003000000F8013B80D331F8023B20F8023B7BE749
:10031000043AD9D3013A11F8013B00F8013BF9D274
:100320000B7803704B7843708B788370604670470E
:1003300008B5064B044613B1002100F0A9F8044BA0
:100340001B6803B19847204600F004F991040200AD
:1003500018320020002301461A46184600F042B821
:10036000032A30B415D941EA0004A40784460B4699
:1003700004D0541E0FE0043A032A08D919466046F7
:1003800053F8044B5CF8045BA542F4D0F1E76046F7
:100390001946541E7AB1431E0139021901E09A42EE
:1003A00009D013F8010F11F801CF6045F7D0A0EB89
:1003B0000C0030BC7047002030BC704738B5074D8A
:1003C000074C2C1BA41005D0013C55F8043D984760
:1003D000002CF9D1BDE8384000F08CBA6023002031
:1003E0005C230020F0B5264C256883B006460F46F6
:1003F00005B36C681F2C3FDCA6B1D5F8880048B364
:10040000D0F8001140F824204FF0010C0CFA04FC45
:1004100000EB84024CEA0101022EC0F80011C2F880
:10042000803010D0A31C01346C6045F8237000208C
:1004300003B0F0BD13481449216010B10068C1F841
:100440008800114DD5E7D0F8043143EA0C03C0F819
:100450000431E7E70D49CDE9002369B14FF4847019
:10046000AFF3008040B10021C0E94011DDE9002375
:100470006C68C5F88800C5E74FF0FF30D8E700BFCB
:10048000A8320020000000001C3200200000000004
:100490002DE9F04FDFF8B890D9F8006083B0002E56
:1004A00034D0884601907568D6F888706C1E2DD4BB
:1004B000013506EB850507F1800BB8F1000F28D157
:1004C00073682A68013BA34216BF002374602B6047
:1004D000BAB1D6F804A06FB3D7F800110123A34036
:1004E0000B4227D0D7F8040157F8241003422BD130
:1004F000019890477368D9F80020534520D1B24243
:100500001ED1013C631CA5F10405D6D103B0BDE8A2
:10051000F08F57B15BF824304345D1D0013C621CC9
:10052000A5F10405F2D0002FF4D1013CEED3013C3B
:10053000FBD2EBE790477368D9F800205345DED033
:10054000002AE3D01646AEE708469047D2E700BF40
:10055000A8320020FEE700BF7BB972B90029BEBFF8
:1005600000204FF0004106E008BF00281CBF6FF0DC
:1005700000414FF0FF3000F0B5B9ADF1080C6DE966
:1005800004CE002909DB002B1ADB00F04DF8DDF862
:1005900004E0DDE9022304B07047404261EB410111
:1005A000002B1BDB00F040F8DDF804E0DDE902235E
:1005B00004B0404261EB4101524263EB4303704798
:1005C000524263EB430300F02FF8DDF804E0DDE96D
:1005D000022304B0404261EB41017047524263EB99
:1005E000430300F021F8DDF804E0DDE9022304B064
:1005F000524263EB4303704753B94AB9002908BF1D
:1006000000281CBF4FF0FF314FF0FF3000F06AB9F7
:10061000ADF1080C6DE904CE00F006F8DDF804E059
:10062000DDE9022304B070472DE9F047089D0E462E
:1006300004460F46002B4AD194468C45B2FA82F20A
:1006400060D942B1C2F12003974020FA03F30CFABB
:1006500002FC1F4394404FEA1C4E1FFA8CF6B7FB76
:10066000FEF1230C0EFB117743EA074301FB06F072
:1006700098420AD91CEB030301F1FF3780F0158182
:10068000984240F21281023963441B1AA4B2B3FBB0
:10069000FEF00EFB103344EA034400FB06F6A642CC
:1006A0000AD91CEB040400F1FF3380F00081A6425C
:1006B00040F2FD806444023840EA0140A41B00215E
:1006C0001DB1D4400023C5E90043BDE8F0878B424B
:1006D00005D90DB1C5E9000100210846F5E7B3FAD7
:1006E00083F1002946D1B34202D3824200F2F58061
:1006F000841A66EB030201201746002DE5D0C5E9F8
:100700000047E2E7002A40F09380A1EB0C034FEA98
:100710001C471FFA8CFE0121B3FBF7F607FB1630CE
:10072000230C43EA00430EFB06F0984208D91CEB69
:10073000030306F1FF3802D2984200F2D080464609
:100740001B1AA4B2B3FBF7F007FB103344EA0344CF
:100750000EFB00FEA64508D91CEB040400F1FF3394
:1007600002D2A64500F2B6801846A4EB0E0440EA79
:100770000640A5E7C1F120078B4022FA07FC4CEAAE
:10078000030C06FA01FE20FA07F426FA07F344EAFE
:100790000E0400FA01F84FEA1C404FEA1449B3FB7B
:1007A000F0FE1FFA8CF600FB1E3349EA03430EFBF2
:1007B00006F9994502FA01F20BD91CEB03030EF17D
:1007C000FF3A80F08580994540F28280AEF1020EBA
:1007D0006344A3EB0909A4B2B9FBF0F300FB13993E
:1007E00044EA094403FB06F6A64208D91CEB0404BC
:1007F00003F1FF3068D2A64266D9023B644443EA63
:100800000E40A41BA0FB02E6B4427346B14652D38D
:100810004FD05DB1B8EB030264EB090404FA07F7AB
:1008200022FA01F31F43CC40C5E9007400214CE7D4
:10083000C2F1200120FA01F30CFA02FC26FA01F1C0
:10084000964033434FEA1C471FFA8CFEB1FBF7F08A
:1008500007FB1016190C41EA064100FB0EF68E420A
:1008600004FA02F408D91CEB010100F1FF382DD283
:100870008E422BD902386144891B9BB2B1FBF7F63B
:1008800007FB161143EA014306FB0EF1994208D912
:100890001CEB030306F1FF3814D2994212D9023E31
:1008A00063445B1A46EA004136E73946EDE61846EE
:1008B00002E7F045ADD2BEEB020366EB0C06013851
:1008C000B146A6E74646ECE7034698E74046D3E73D
:1008D000D6467EE76444023847E708460DE7023E05
:1008E00063442DE7704700BFF8B500BFF8BC08BCF3
:1008F0009E467047F8B500BFF8BC08BC9E467047DE
:100900000338FDD87047000065930100D1930100C2
:10091000619301007274745F6C6F675F6261636BF7
:10092000656E64004261636B656E647320666C750E
:100930007368656400617070001B5B306D001B5B49
:10094000313B33316D0025734C6F67732064726FD8
:1009500070706564202825642925730D0A003C25E4
:10096000733E2025733A2000202530327800202065
:1009700020007C002563001B5B313B33306D001B86
:100980005B313B33326D001B5B313B33336D001BFE
:100990005B313B33346D001B5B313B33356D001BEA
:1009A0005B313B33366D001B5B313B33376D00658C
:1009B00072726F72007761726E696E6700696E663F
:1009C0006F006465627567006170705F6275747452
:1009D0006F6E006170705F74696D65720052544390
:1009E00020696E7374616E636520616C7265616409
:1009F0007920696E697469616C697A65642E005248
:100A000054433A20696E697469616C697A65642E31
:100A1000007077725F6D676D7400736F72746C69CC
:100A20007374004E52465F53554343455353004E33
:100A300052465F4552524F525F5356435F48414EB4
:100A4000444C45525F4D495353494E47004E524620
:100A50005F4552524F525F534F46544445564943A7
:100A6000455F4E4F545F454E41424C4544004E5207
:100A7000465F4552524F525F494E5445524E414C8B
:100A8000004E52465F4552524F525F4E4F5F4D45AA
:100A90004D004E52465F4552524F525F4E4F545F8B
:100AA000464F554E44004E52465F4552524F525F9C
:100AB0004E4F545F535550504F52544544004E5280
:100AC000465F4552524F525F494E56414C49445F32
:100AD000504152414D004E52465F4552524F525F77
:100AE000494E56414C49445F5354415445004E527F
:100AF000465F4552524F525F494E56414C49445F02
:100B00004C454E475448004E52465F4552524F5254
:100B10005F494E56414C49445F464C414753004E55
:100B200052465F4552524F525F494E56414C4944DE
:100B30005F44415441004E52465F4552524F525F0E
:100B4000444154415F53495A45004E52465F455215
:100B5000524F525F54494D454F5554004E52465FD7
:100B60004552524F525F4E554C4C004E52465F45D7
:100B700052524F525F464F5242494444454E004EF6
:100B800052465F4552524F525F494E56414C49447E
:100B90005F41444452004E52465F4552524F525FAD
:100BA00042555359004E52465F4552524F525F4391
:100BB0004F4E4E5F434F554E54004E52465F455286
:100BC000524F525F5245534F5552434553004E5278
:100BD000465F4552524F525F4D4F44554C455F4E14
:100BE0004F545F494E495449414C495A4544004E7F
:100BF00052465F4552524F525F4D555445585F49DA
:100C00004E49545F4641494C4544004E52465F456B
:100C100052524F525F4D555445585F4C4F434B5FB6
:100C20004641494C4544004E52465F4552524F5250
:100C30005F4D555445585F554E4C4F434B5F4641B1
:100C4000494C4544004E52465F4552524F525F4D0B
:100C5000555445585F434F4E445F494E49545F4693
:100C600041494C4544004E52465F4552524F525FF7
:100C70004D4F44554C455F414C52454144595F49A5
:100C80004E495449414C495A4544004E52465F45ED
:100C900052524F525F53544F524147455F46554C55
:100CA0004C004E52465F4552524F525F4150495F91
:100CB0004E4F545F494D504C454D454E54454400B0
:100CC0004E52465F4552524F525F4645415455522F
:100CD000455F4E4F545F454E41424C4544004E5295
:100CE000465F4552524F525F494F5F50454E44490F
:100CF0004E47004E52465F4552524F525F44525645
:100D00005F5457495F4552525F4F56455252554EB8
:100D1000004E52465F4552524F525F4452565F5406
:100D200057495F4552525F414E41434B004E524638
:100D30005F4552524F525F4452565F5457495F4588
:100D400052525F444E41434B004E52465F45525211
:100D50004F525F424C455F495053505F52585F506D
:100D60004B545F5452554E4341544544004E5246F5
:100D70005F4552524F525F424C455F495053505F5E
:100D80004348414E4E454C5F414C52454144595FAA
:100D9000455849535453004E52465F4552524F52A4
:100DA0005F424C455F495053505F4C494E4B5F4446
:100DB0004953434F4E4E4543544544004E52465FBF
:100DC0004552524F525F424C455F495053505F501D
:100DD0004545525F52454A454354454400636C6F54
:100DE000636B00434C4F434B005744540053414105
:100DF0004443005457494D004750494F5445005013
:100E00005253005541525400554152544500434DF0
:100E100044207769726520762575005C725C6E00EF
:100E2000533620696E616374697665202D3E2049D2
:100E3000444C452D434F4E4E454354454400533694
:100E4000206163746976697479202D3E2041435492
:100E5000495645004150505F4552524F5220636FF2
:100E600064653D2575206C696E653D2575004641BC
:100E7000554C542069643D25752070633D253038FC
:100E800078004F4E202869646C65206F66662900E3
:100E90004F4646005331206D61696E20656E746562
:100EA000722076302E352E30005332207472793D08
:100EB000257520696D755F6F6B3D25640053322089
:100EC000494D552044454144202848573F29005367
:100ED000322044524459206F6B2070696E3D50306F
:100EE0002E2530327520706F6C3D25752065646746
:100EF00065733D25750053322044524459206F6676
:100F000066202D3E20706F6C6C696E670053322036
:100F100069646C652D646574656374204F4E202888
:100F2000494E54312F50302E303929005332206928
:100F3000646C652D64657465637420434647204680
:100F400041494C202849444C45206F66662900538E
:100F5000322069646C652D64657465637420475044
:100F6000494F5445204641494C202849444C45208E
:100F70006F66662900533220626174743D25756D79
:100F80005600533320737461636B2B7365727669FB
:100F9000636573206F6B006164765F737461727454
:100FA000206572723D257500533420616476657248
:100FB000746973696E67204F4E3A205472696B6989
:100FC0002047466F72636500533520706F6C6C204C
:100FD00025756D73204F4E2C20736C656570202530
:100FE00075732C20647264793D257500434D44204F
:100FF000696E666F202D3E206D6F646520762575C5
:1010000000434D442062617474202D3E2025756D8F
:101010005600533620747261696E20257300424C6D
:10102000452073656E64206572723D3078257820A6
:1010300028383D494E56414C49445F53544154452C
:101040003A206272616B2043434344290056425464
:1010500020763D2564206D6D2F73206D763D2575BE
:10106000206475703D25752069646C653D257500AB
:101070005332205457494D2062616E6E6564206181
:1010800066746572202575206661756C74730053F3
:1010900032204354524C3320726573657420544996
:1010A0004D454F55540046573D76302E352E302055
:1010B00063313D253032782063323D25303278204F
:1010C00063333D2530327800533220636F6E66699A
:1010D00067204D49534D41544348206F6B3D256473
:1010E000207263313D25303278207263323D2530E5
:1010F0003278207263333D253032780053322049F4
:101100004E54325F4354524C2072623D2530327847
:10111000204D49534D4154434800533220696E617C
:101120006374206366673D25303278207468733DB0
:1011300025303278206475723D25303278206D6418
:10114000313D2530327800533220696E616374205E
:101150004D49534D41544348206F6B3D25642074E5
:1011600061703D25303278207468733D25303278C7
:10117000206475723D25303278206D64313D253014
:10118000327800533620747261696E2077616B6526
:101190002063313D253032782063323D253032786E
:1011A000004449414720647264793D257520736D80
:1011B000706C3D2575206475703D257520726472D4
:1011C0006F703D2575206761703D257520626472E2
:1011D0006F703D2575207C206474663D2575206602
:1011E000623D2575207477693D25752073616463C0
:1011F0003D257500444941472064742025752F25FD
:10120000752F2575207573207C206D6178206163B2
:10121000713D2575206473703D257520673D2575EA
:10122000206C696E3D257520763D257520626C65C4
:101230003D257520757300444941472069646C65FC
:101240003D257520747261696E3D2575207472614B
:101250006E733D25752063706661696C3D25750070
:101260005465726D696E616C005254540053454769
:101270004745520073645F626C655F6761747463B5
:101280005F65786368616E67655F6D74755F7265D1
:10129000717565737428292072657475726E656442
:1012A0002025732E0073645F626C655F67617474E0
:1012B000735F65786368616E67655F6D74755F7293
:1012C00065706C7928292072657475726E6564206A
:1012D00025732E006E72665F626C655F6761747461
:1012E00000626C655F6E7573006E72665F73646832
:1012F0000073645F626C655F6366675F7365742823
:10130000292072657475726E656420257320776874
:10131000656E20617474656D7074696E6720746F9A
:101320002073657420424C455F434F4E4E5F4346E9
:10133000475F4741502E0073645F626C655F636670
:10134000675F73657428292072657475726E6564B1
:10135000202573207768656E20617474656D7074E4
:10136000696E6720746F2073657420424C455F4737
:1013700041505F4346475F524F4C455F434F554E88
:10138000542E0073645F626C655F6366675F7365AC
:101390007428292072657475726E65642025732027
:1013A0007768656E20617474656D7074696E67200E
:1013B000746F2073657420424C455F434F4E4E5FFF
:1013C0004346475F474154542E0073645F626C6527
:1013D0005F6366675F736574282920726574757230
:1013E0006E6564202573207768656E20617474656E
:1013F0006D7074696E6720746F2073657420424C41
:10140000455F434F4D4D4F4E5F4346475F56535FD9
:10141000555549442E0073645F626C655F6366676F
:101420005F73657428292072657475726E65642017
:101430002573207768656E20617474656D707469BA
:101440006E6720746F2073657420424C455F47417E
:101450005454535F4346475F415454525F54414292
:101460005F53495A452E0073645F626C655F636623
:10147000675F73657428292072657475726E656480
:10148000202573207768656E20617474656D7074B3
:10149000696E6720746F2073657420424C455F4706
:1014A000415454535F4346475F5345525649434561
:1014B0005F4348414E4745442E00496E737566664A
:1014C000696369656E742052414D20616C6C6F6375
:1014D0006174656420666F722074686520536F665E
:1014E000744465766963652E004368616E676520A4
:1014F0007468652052414D207374617274206C6F62
:10150000636174696F6E2066726F6D203078257824
:1015100020746F20307825782E004D6178696D75C4
:101520006D2052414D2073697A6520666F7220618B
:1015300070706C69636174696F6E206973203078B4
:1015400025782E0073645F626C655F656E61626C06
:101550006528292072657475726E65642025732E66
:10156000006E72665F7364685F626C65006E7266BF
:101570005F7364685F736F630000000039090200E5
:10158000770902003E0902007F0902008709020074
:101590008F090200970902009F090200A7090200B3
:1015A00000000000AF090200B5090200BD090200F9
:1015B000C209020000000000B02800206B9B01005F
:1015C0000100060000000000000000000000000014
:1015D0000338FDD870473031323334353637383937
:1015E000414243444546000000000000230A020037
:1015F000010000002F0A0200020000004D0A020054
:10160000030000006E0A020004000000810A0200CC
:1016100005000000920A020006000000A60A02006F
:1016200007000000BE0A020008000000D60A0200FF
:1016300009000000EE0A02000A000000070B020089
:101640000B0000001F0B02000C000000360B020014
:101650000D0000004A0B02000E0000005C0B0200AF
:101660000F0000006B0B0200100000007F0B020057
:1016700011000000960B020012000000A50B0200F2
:1016800013000000BA0B020080000000CE0B020025
:1016900081000000EF0B0200820000000B0C020032
:1016A00083000000270C020084000000450C0200AB
:1016B00085000000660C0200860000008B0C020012
:1016C00090000000A20C020091000000C00C02007B
:1016D00092000000DE0C020000820000F30C020009
:1016E00001820000110D0200028200002D0D020097
:1016F00000840000490D0200018400006D0D02000D
:1017000002840000970D020003840000BC0D02005B
:10171000556E6B6E6F776E206572726F7220636F9D
:10172000646500000A0000000900000001020000DA
:101730000338FDD870470000E02200200823002075
:1017400001000000D00700000600000001000203B5
:10175000000206000C0000009001000000000000E4
:101760000338FDD8704700000000000000000000B2
:101770000338FDD870470000003000400000000032
:101780001F0000001F00000000009801060000007C
:101790000338FDD870470000000000000000000082
:1017A0000338FDD870470200060000000000050065
:1017B0000003003031323334353637383941424353
:1017C0004445469ECADC240EE5A9E093F3A3B50088
:1017D00000406E00CC190200DC1902000800000075
:1017E000C4190200CC19020008000000C41902004C
:1017F000C41902000800000000100207841902004A
:10180000C4190200080000007C19020084190200BB
:101810000800000000202020202020202020282850
:1018200028282820202020202020202020202020A0
:1018300020202020208810101010101010101010E0
:101840001010101010040404040404040404041010
:10185000101010101010414141414141010101019E
:101860000101010101010101010101010101010168
:101870001010101010104242424242420202020274
:101880000202020202020202020202020202020238
:1018900010101010200000000000000000000000E8
:1018A0000000000000000000000000000000000038
:1018B0000000000000000000000000000000000028
:1018C0000000000000000000000000000000000018
:1018D0000000000000000000000000000000000008
:1018E00000000000000000000000000000000000F8
:1018F00000000000000000000000000000000000E8
:1019000000000000000000000000000000000000D7
:1019100000000000000000001000000000000000B7
:10192000017A5200027C0E011B0C0D001C0000000D
:10193000180000004CE7FFFFD800000000410E082F
:101940008501840202490A4AC5C4410B1000000007
:1019500000000000017A5200027C0E011B0C0D00F9
:10196000140000001800000094E8FFFF340100009C
:0C1970000002710A430B000000000000A0
:08197C0061AE01000000000053
:101984001DF3010000000000FDC001000000000084
:10199400C9EF0100D42B00202DF60100D82C002023
:1019A40055F10100000000002DC6010000000000F8
:1019B400D3F70100CC2C002089F801003423002047
:0819C400FDAE0100000000006F
:1019CC00C1FC01000000000001FF0100000000004C
:1019DC00E0270020A8280020B0280020E8270020BD
:0419EC0018000000DF
:1019F000E30D020000000000F80D020000000000EE
:101A0000FF0D020000000000ED0D020000000000CC
:101A1000F30D020000000000030E020000000000B1
:101A2000080E020000000000E90D020000000000A6
:101A30003509020000000303C8090200000000008D
:101A4000D309020000000000E112020000000000C3
:101A5000DD0D020000000000D412020000000303AC
:101A6000E9120200000003036115020000000303F5
:101A70006D15020000000303110A020000000000BF
:081A80001A0A02000000000038
:101A8800080902000000000014090200C822002012
:081A9800F077FF7F0100000060
:101AA00000000000FF0000000010014011000400D1
:101AB0000090D003000000000000000000000000C3
:101AC000FFFFFFFFFFFFFFFF00000000000000001E
:101AD0000000000000000000FF0000000000000007
:101AE0000000000000000000FFFFFFFFFFFFFFFFFE
:101AF00000000000000000000000000000000000E6
:101B00000100010002000100FFFF000000000000D2
:101B100000000000000000000000000000000000C5
:101B20005023002000000000E82C002001000400E9
:081B30006992010041920100DD
:04000003100092F95E
:00000001FF
